nit_entidad,entidad,categoria_institucional,grupo_atribucion,es_central
890201900,Alcaldía Distrital de Barrancabermeja,Administración central,Administración central,True
829000477,INDERBA (deporte y recreación),Establecimiento público descentralizado,Sector descentralizado vinculado,False
890270833,EDUBA (desarrollo urbano y vivienda),Empresa descentralizada,Sector descentralizado vinculado,False
890270948,Inspección de Tránsito y Transporte,Establecimiento público descentralizado,Sector descentralizado vinculado,False
829001846,ESE Barrancabermeja,Empresa Social del Estado distrital,Sector descentralizado vinculado,False
829001276,Concejo de Barrancabermeja,Corporación de elección popular (control político),No atribuible al alcalde,False
829001855,Personería de Barrancabermeja,Órgano de control,No atribuible al alcalde,False
8290007456,Contraloría de Barrancabermeja,Órgano de control,No atribuible al alcalde,False
900136865,Hospital Regional del Magdalena Medio,ESE departamental,No atribuible al alcalde,False
