fecha,personas_con_cps,valor_diario_real,anio
2021-04-01,0,0.000000,2021
2021-04-02,0,0.000000,2021
2021-04-03,0,0.000000,2021
2021-04-04,0,0.000000,2021
2021-04-05,0,0.000000,2021
2021-04-06,0,0.000000,2021
2021-04-07,0,0.000000,2021
2021-04-08,0,0.000000,2021
2021-04-09,0,0.000000,2021
2021-04-10,0,0.000000,2021
2021-04-11,0,0.000000,2021
2021-04-12,0,0.000000,2021
2021-04-13,0,0.000000,2021
2021-04-14,0,0.000000,2021
2021-04-15,0,0.000000,2021
2021-04-16,4,669632.693463,2021
2021-04-17,4,669632.693463,2021
2021-04-18,4,669632.693463,2021
2021-04-19,8,1218494.071598,2021
2021-04-20,8,1218494.071598,2021
2021-04-21,11,1590852.041594,2021
2021-04-22,13,1933588.698125,2021
2021-04-23,21,3599640.774185,2021
2021-04-24,21,3599640.774185,2021
2021-04-25,21,3599640.774185,2021
2021-04-26,21,3599640.774185,2021
2021-04-27,41,6710874.650901,2021
2021-04-28,46,7477231.283524,2021
2021-04-29,61,9645419.002167,2021
2021-04-30,65,10270069.329546,2021
2021-05-01,65,10270069.329546,2021
2021-05-02,65,10270069.329546,2021
2021-05-03,87,13403401.965047,2021
2021-05-04,104,15563091.950586,2021
2021-05-05,128,18903792.602974,2021
2021-05-06,137,20164683.034759,2021
2021-05-07,156,23027824.571591,2021
2021-05-08,156,23027824.571591,2021
2021-05-09,156,23027824.571591,2021
2021-05-10,162,24078109.731423,2021
2021-05-11,170,25231232.996582,2021
2021-05-12,176,26000146.308934,2021
2021-05-13,187,27452341.133307,2021
2021-05-14,201,29221733.890703,2021
2021-05-15,201,29221733.890703,2021
2021-05-16,200,29023243.418048,2021
2021-05-17,200,29023243.418048,2021
2021-05-18,212,30993237.803360,2021
2021-05-19,228,33106687.213832,2021
2021-05-20,265,37592782.168816,2021
2021-05-21,280,39397840.226529,2021
2021-05-22,281,39489657.362225,2021
2021-05-23,281,39489657.362225,2021
2021-05-24,309,42872462.899098,2021
2021-05-25,326,44709526.821377,2021
2021-05-26,341,46365719.221867,2021
2021-05-27,375,51308793.822989,2021
2021-05-28,383,52223329.324984,2021
2021-05-29,383,52223329.324984,2021
2021-05-30,383,52223329.324984,2021
2021-05-31,400,54309604.678892,2021
2021-06-01,427,58075377.750769,2021
2021-06-02,438,59223118.210455,2021
2021-06-03,451,61122511.694943,2021
2021-06-04,476,63941846.445590,2021
2021-06-05,476,63941846.445590,2021
2021-06-06,476,63941846.445590,2021
2021-06-07,476,63941846.445590,2021
2021-06-08,510,68457249.258139,2021
2021-06-09,532,71021807.319298,2021
2021-06-10,568,75522480.060186,2021
2021-06-11,604,79946123.641821,2021
2021-06-12,605,80163705.224742,2021
2021-06-13,605,80163705.224742,2021
2021-06-14,605,80163705.224742,2021
2021-06-15,617,81625671.379115,2021
2021-06-16,625,82699033.858458,2021
2021-06-17,627,82954771.052297,2021
2021-06-18,643,85083575.883823,2021
2021-06-19,643,85083575.883823,2021
2021-06-20,643,85083575.883823,2021
2021-06-21,653,86202465.523823,2021
2021-06-22,661,87161440.018805,2021
2021-06-23,666,87681979.610434,2021
2021-06-24,684,89880049.070613,2021
2021-06-25,694,91241918.112431,2021
2021-06-26,694,91241918.112431,2021
2021-06-27,694,91241918.112431,2021
2021-06-28,701,91940644.051266,2021
2021-06-29,709,92839166.643636,2021
2021-06-30,727,94795464.525568,2021
2021-07-01,740,96741334.238341,2021
2021-07-02,765,99663356.840985,2021
2021-07-03,763,99311931.086120,2021
2021-07-04,763,99311931.086120,2021
2021-07-05,762,99214312.820879,2021
2021-07-06,773,100431508.282117,2021
2021-07-07,785,102849696.478692,2021
2021-07-08,792,103864694.860868,2021
2021-07-09,803,105557075.629041,2021
2021-07-10,803,105557075.629041,2021
2021-07-11,803,105557075.629041,2021
2021-07-12,824,107971198.952870,2021
2021-07-13,845,111037216.149334,2021
2021-07-14,848,111632641.920346,2021
2021-07-15,855,112409932.804350,2021
2021-07-16,868,114787546.082121,2021
2021-07-17,868,114787546.082121,2021
2021-07-18,865,114009354.075994,2021
2021-07-19,868,114726122.421753,2021
2021-07-20,860,113716133.929094,2021
2021-07-21,864,114585851.427165,2021
2021-07-22,872,115952438.304380,2021
2021-07-23,882,117404442.887981,2021
2021-07-24,876,116719946.449042,2021
2021-07-25,874,116526647.215997,2021
2021-07-26,889,118370896.246034,2021
2021-07-27,890,118691506.040651,2021
2021-07-28,914,122331234.780016,2021
2021-07-29,922,123544685.573775,2021
2021-07-30,954,128241511.695120,2021
2021-07-31,942,126807850.572523,2021
2021-08-01,936,126049151.082822,2021
2021-08-02,941,127224728.620842,2021
2021-08-03,938,126955555.267044,2021
2021-08-04,930,126326884.173693,2021
2021-08-05,933,126818746.705186,2021
2021-08-06,944,129472523.912312,2021
2021-08-07,934,128075833.580660,2021
2021-08-08,924,126774378.678158,2021
2021-08-09,936,128708513.500101,2021
2021-08-10,924,141196752.499637,2021
2021-08-11,921,126630816.684133,2021
2021-08-12,926,127103973.966241,2021
2021-08-13,934,128313962.064829,2021
2021-08-14,925,127235298.103621,2021
2021-08-15,922,126928266.314388,2021
2021-08-16,915,125941397.190402,2021
2021-08-17,924,127275507.778570,2021
2021-08-18,931,128120711.835110,2021
2021-08-19,940,129379034.607889,2021
2021-08-20,935,128741499.897238,2021
2021-08-21,925,127306209.589819,2021
2021-08-22,915,125717534.221241,2021
2021-08-23,946,128798304.565169,2021
2021-08-24,936,127862083.792740,2021
2021-08-25,945,129915260.293508,2021
2021-08-26,986,135239271.649550,2021
2021-08-27,1043,141694926.847237,2021
2021-08-28,1037,140919477.932820,2021
2021-08-29,1027,139466476.090910,2021
2021-08-30,1042,141689537.448980,2021
2021-08-31,1074,145759463.069195,2021
2021-09-01,1135,153258288.039349,2021
2021-09-02,1150,155733865.623133,2021
2021-09-03,1164,158214452.001969,2021
2021-09-04,1151,156671963.281946,2021
2021-09-05,1142,155267632.431111,2021
2021-09-06,1156,157302008.143314,2021
2021-09-07,1160,157817490.791821,2021
2021-09-08,1164,158888264.532589,2021
2021-09-09,1181,162007716.691912,2021
2021-09-10,1196,165599341.954664,2021
2021-09-11,1176,162882698.138578,2021
2021-09-12,1171,162262681.331567,2021
2021-09-13,1240,170305183.221216,2021
2021-09-14,1282,175849507.818924,2021
2021-09-15,1323,185086494.981030,2021
2021-09-16,1342,188338338.753580,2021
2021-09-17,1357,190660602.362895,2021
2021-09-18,1347,189464088.872519,2021
2021-09-19,1343,188871801.974345,2021
2021-09-20,1355,190788865.040250,2021
2021-09-21,1362,191378754.255235,2021
2021-09-22,1371,193162810.034837,2021
2021-09-23,1368,192761151.987237,2021
2021-09-24,1372,193757635.338867,2021
2021-09-25,1364,189651571.205987,2021
2021-09-26,1363,189570086.935797,2021
2021-09-27,1399,194339815.555818,2021
2021-09-28,1425,197772844.700507,2021
2021-09-29,1430,198580139.601156,2021
2021-09-30,1420,196727258.223402,2021
2021-10-01,1431,198855973.326348,2021
2021-10-02,1423,198076969.883883,2021
2021-10-03,1419,197617478.694028,2021
2021-10-04,1432,199739005.488078,2021
2021-10-05,1437,200374682.131825,2021
2021-10-06,1437,200434259.559764,2021
2021-10-07,1437,200140599.050941,2021
2021-10-08,1431,199304997.449318,2021
2021-10-09,1422,198022081.867519,2021
2021-10-10,1417,197534370.220226,2021
2021-10-11,1418,217676754.980183,2021
2021-10-12,1422,197911653.038138,2021
2021-10-13,1430,199304431.623032,2021
2021-10-14,1435,199543149.126970,2021
2021-10-15,1447,202272115.886157,2021
2021-10-16,1442,201442489.847129,2021
2021-10-17,1436,200448361.846977,2021
2021-10-18,1429,199431000.549236,2021
2021-10-19,1433,200134476.619440,2021
2021-10-20,1453,203578151.015229,2021
2021-10-21,1458,204429241.117001,2021
2021-10-22,1470,206028635.341997,2021
2021-10-23,1465,205252766.393202,2021
2021-10-24,1460,204529366.121872,2021
2021-10-25,1459,204445483.293653,2021
2021-10-26,1467,205964840.251081,2021
2021-10-27,1483,208007868.485086,2021
2021-10-28,1492,209427041.966042,2021
2021-10-29,1569,219737700.070284,2021
2021-10-30,1560,218778818.815157,2021
2021-10-31,1559,218615051.409383,2021
2021-11-01,1555,218051464.985881,2021
2021-11-02,1552,217984972.974381,2021
2021-11-03,1558,218887293.822499,2021
2021-11-04,1567,220368321.324751,2021
2021-11-05,1569,220683377.726334,2021
2021-11-06,1565,220118739.983613,2021
2021-11-07,1564,220003585.695027,2021
2021-11-08,1576,221832305.506746,2021
2021-11-09,1591,223781490.307514,2021
2021-11-10,1628,233421741.999228,2021
2021-11-11,1651,243977300.968428,2021
2021-11-12,1676,248026715.313705,2021
2021-11-13,1659,241126192.475473,2021
2021-11-14,1656,240724600.987225,2021
2021-11-15,1649,239904533.188764,2021
2021-11-16,1653,240463364.135954,2021
2021-11-17,1657,241067861.862412,2021
2021-11-18,1669,242875602.198585,2021
2021-11-19,1688,246001684.416214,2021
2021-11-20,1688,245964890.339473,2021
2021-11-21,1689,246316789.044075,2021
2021-11-22,1691,246968667.491865,2021
2021-11-23,1694,248038757.876227,2021
2021-11-24,1714,253262429.490921,2021
2021-11-25,1723,254534285.895957,2021
2021-11-26,1745,255586552.791742,2021
2021-11-27,1742,254870044.108363,2021
2021-11-28,1737,254176941.641330,2021
2021-11-29,1751,256143849.660628,2021
2021-11-30,1752,256672076.620002,2021
2021-12-01,1727,254386691.947450,2021
2021-12-02,1731,254871915.676824,2021
2021-12-03,1733,255261059.459749,2021
2021-12-04,1726,254797561.607247,2021
2021-12-05,1723,254360907.892597,2021
2021-12-06,1722,254270441.068304,2021
2021-12-07,1727,255319239.418233,2021
2021-12-08,1723,254787344.199358,2021
2021-12-09,1715,253506578.928984,2021
2021-12-10,1707,252084948.842023,2021
2021-12-11,1694,250610983.981429,2021
2021-12-12,1663,246615237.000870,2021
2021-12-13,1590,238904530.884283,2021
2021-12-14,1566,235553495.050910,2021
2021-12-15,1538,231103983.979845,2021
2021-12-16,1492,224651408.491250,2021
2021-12-17,1465,220423560.874190,2021
2021-12-18,1430,215444589.276282,2021
2021-12-19,1397,210141192.666786,2021
2021-12-20,1353,204439634.013585,2021
2021-12-21,1303,197095754.849766,2021
2021-12-22,1247,188428325.474848,2021
2021-12-23,1180,179510041.308643,2021
2021-12-24,1079,165037190.985119,2021
2021-12-25,991,151508441.049948,2021
2021-12-26,843,130192044.273122,2021
2021-12-27,578,94279531.426954,2021
2021-12-28,351,58321558.830092,2021
2021-12-29,135,28496141.496709,2021
2021-12-30,58,19905512.599646,2021
2021-12-31,24,11630312.889129,2021
2022-01-01,1,133634.738883,2022
2022-01-02,1,133634.738883,2022
2022-01-03,1,133634.738883,2022
2022-01-04,1,133634.738883,2022
2022-01-05,1,133634.738883,2022
2022-01-06,1,133634.738883,2022
2022-01-07,1,133634.738883,2022
2022-01-08,1,133634.738883,2022
2022-01-09,1,133634.738883,2022
2022-01-10,1,133634.738883,2022
2022-01-11,1,133634.738883,2022
2022-01-12,1,133634.738883,2022
2022-01-13,1,133634.738883,2022
2022-01-14,1,133634.738883,2022
2022-01-15,1,133634.738883,2022
2022-01-16,1,133634.738883,2022
2022-01-17,5,873308.273244,2022
2022-01-18,52,9128489.710260,2022
2022-01-19,161,27535169.647277,2022
2022-01-20,275,45822170.730849,2022
2022-01-21,391,73958792.114377,2022
2022-01-22,472,86091754.404021,2022
2022-01-23,475,103347209.467730,2022
2022-01-24,601,105680656.941665,2022
2022-01-25,704,111351260.652773,2022
2022-01-26,818,126398021.972864,2022
2022-01-27,947,143981990.501253,2022
2022-01-28,1030,156039488.695122,2022
2022-01-29,1037,175584218.612441,2022
2022-01-30,1036,156887909.235786,2022
2022-01-31,1042,157900508.613544,2022
2022-02-01,1393,195725863.204754,2022
2022-02-02,1495,207685517.550058,2022
2022-02-03,1537,226354487.419346,2022
2022-02-04,1606,222151891.897781,2022
2022-02-05,1607,222226218.487127,2022
2022-02-06,1607,222226218.487127,2022
2022-02-07,1677,230360571.192468,2022
2022-02-08,1715,234133839.751368,2022
2022-02-09,1729,235732737.037975,2022
2022-02-10,1775,241004560.583643,2022
2022-02-11,1812,246041937.316272,2022
2022-02-12,1812,246041937.316272,2022
2022-02-13,1812,246041937.316272,2022
2022-02-14,1880,254156857.293632,2022
2022-02-15,1991,265620133.816575,2022
2022-02-16,2159,295437209.292348,2022
2022-02-17,2285,308990411.048815,2022
2022-02-18,2388,308059586.553701,2022
2022-02-19,2390,308611387.300007,2022
2022-02-20,2390,308611387.300007,2022
2022-02-21,2458,316709460.321948,2022
2022-02-22,2504,320873287.887303,2022
2022-02-23,2542,324792813.820898,2022
2022-02-24,2574,328006349.174944,2022
2022-02-25,2591,330105777.888747,2022
2022-02-26,2592,330190761.113187,2022
2022-02-27,2593,330285980.412278,2022
2022-02-28,2601,331175797.653050,2022
2022-03-01,2638,335381383.789654,2022
2022-03-02,2653,336907687.613515,2022
2022-03-03,2662,337985591.730332,2022
2022-03-04,2663,338062846.945570,2022
2022-03-05,2663,338062846.945570,2022
2022-03-06,2663,338062846.945570,2022
2022-03-07,2681,340096308.304453,2022
2022-03-08,2690,341208007.255855,2022
2022-03-09,2699,342170433.940591,2022
2022-03-10,2701,342337813.464941,2022
2022-03-11,2703,342505192.989291,2022
2022-03-12,2703,342505192.989291,2022
2022-03-13,2703,342505192.989291,2022
2022-03-14,2708,343022311.789794,2022
2022-03-15,2709,343099989.164678,2022
2022-03-16,2710,343190877.653194,2022
2022-03-17,2710,343212871.241300,2022
2022-03-18,2712,343589881.477224,2022
2022-03-19,2712,343589881.477224,2022
2022-03-20,2712,343589881.477224,2022
2022-03-21,2713,343692888.430875,2022
2022-03-22,2714,343896471.129913,2022
2022-03-23,2717,344262928.573499,2022
2022-03-24,2719,344611338.969191,2022
2022-03-25,2720,344784027.097371,2022
2022-03-26,2718,344543961.491610,2022
2022-03-27,2717,344467140.497767,2022
2022-03-28,2716,344280988.559027,2022
2022-03-29,2717,344918362.742322,2022
2022-03-30,2719,345123979.322898,2022
2022-03-31,2720,345255770.563229,2022
2022-04-01,2722,345569574.066743,2022
2022-04-02,2720,345413531.422998,2022
2022-04-03,2719,345277568.155625,2022
2022-04-04,2720,345351077.966117,2022
2022-04-05,2719,345202851.411863,2022
2022-04-06,2720,345271766.859199,2022
2022-04-07,2717,344946975.258534,2022
2022-04-08,2712,344545422.727351,2022
2022-04-09,2710,344344124.472791,2022
2022-04-10,2709,344211848.344872,2022
2022-04-11,2708,344115822.102568,2022
2022-04-12,2708,344115822.102568,2022
2022-04-13,2708,344115822.102568,2022
2022-04-14,2696,342572324.763795,2022
2022-04-15,2680,340687964.296504,2022
2022-04-16,2660,338461536.097327,2022
2022-04-17,2638,336225611.697599,2022
2022-04-18,2623,334931893.130110,2022
2022-04-19,2622,334794815.409725,2022
2022-04-20,2622,334794815.409725,2022
2022-04-21,2606,332888951.854651,2022
2022-04-22,2600,332226508.010767,2022
2022-04-23,2596,331905265.985821,2022
2022-04-24,2592,331533858.030202,2022
2022-04-25,2587,330837450.658795,2022
2022-04-26,2580,330067880.348594,2022
2022-04-27,2575,329392735.843326,2022
2022-04-28,2571,328335109.684500,2022
2022-04-29,2571,328335109.684500,2022
2022-04-30,2571,328335109.684500,2022
2022-05-01,2550,325928523.388219,2022
2022-05-02,2543,325255419.448827,2022
2022-05-03,2540,324966572.118780,2022
2022-05-04,2537,324684710.092198,2022
2022-05-05,2537,324684710.092198,2022
2022-05-06,2537,324684710.092198,2022
2022-05-07,2520,322898025.971638,2022
2022-05-08,2514,322193677.209582,2022
2022-05-09,2508,321630354.785487,2022
2022-05-10,2506,321291345.523756,2022
2022-05-11,2505,321150417.305608,2022
2022-05-12,2505,321150417.305608,2022
2022-05-13,2505,321150417.305608,2022
2022-05-14,2486,318736142.617613,2022
2022-05-15,2469,316894255.609133,2022
2022-05-16,2415,311526893.803640,2022
2022-05-17,2369,306335185.015517,2022
2022-05-18,2330,301732042.121823,2022
2022-05-19,2327,301115312.534759,2022
2022-05-20,2325,300850920.280947,2022
2022-05-21,2298,297313553.652469,2022
2022-05-22,2285,295824659.221772,2022
2022-05-23,2277,294907431.203028,2022
2022-05-24,2258,292603342.915362,2022
2022-05-25,2243,290780706.222355,2022
2022-05-26,2236,289727190.390246,2022
2022-05-27,2220,287588261.103531,2022
2022-05-28,2202,285104487.322024,2022
2022-05-29,2202,285104487.322024,2022
2022-05-30,2201,284967409.601640,2022
2022-05-31,2182,282902631.945945,2022
2022-06-01,1988,265206764.186851,2022
2022-06-02,1944,261213012.080092,2022
2022-06-03,1914,258062913.795103,2022
2022-06-04,1889,255331517.622214,2022
2022-06-05,1889,255331517.622214,2022
2022-06-06,1889,255331517.622214,2022
2022-06-07,1845,250436259.362591,2022
2022-06-08,1823,248463250.345108,2022
2022-06-09,1816,247714618.893755,2022
2022-06-10,1785,244936905.626546,2022
2022-06-11,1777,244117136.567095,2022
2022-06-12,1777,244117136.567095,2022
2022-06-13,1775,243890905.736678,2022
2022-06-14,1748,241129095.607792,2022
2022-06-15,1679,234905357.914530,2022
2022-06-16,1607,228092705.408037,2022
2022-06-17,1556,222690159.911933,2022
2022-06-18,1515,218120202.154134,2022
2022-06-19,1485,213358482.696857,2022
2022-06-20,1437,206162667.899913,2022
2022-06-21,1370,197738649.707055,2022
2022-06-22,1315,191686818.610189,2022
2022-06-23,1280,187730164.284257,2022
2022-06-24,1206,178004436.106534,2022
2022-06-25,1149,171012027.934806,2022
2022-06-26,1081,162133003.904066,2022
2022-06-27,1014,153183241.200291,2022
2022-06-28,979,148218643.080607,2022
2022-06-29,976,147755967.451433,2022
2022-06-30,976,147755967.451433,2022
2022-07-01,876,134945926.801588,2022
2022-07-02,814,127174986.350226,2022
2022-07-03,798,124879250.059989,2022
2022-07-04,768,120525005.877046,2022
2022-07-05,763,119729775.492979,2022
2022-07-06,758,119234014.711020,2022
2022-07-07,748,118125786.678864,2022
2022-07-08,739,117179499.695312,2022
2022-07-09,735,116668824.746221,2022
2022-07-10,728,115728992.215723,2022
2022-07-11,714,113977219.165774,2022
2022-07-12,709,113200611.652574,2022
2022-07-13,709,113200611.652574,2022
2022-07-14,702,112376531.510023,2022
2022-07-15,698,112010843.801387,2022
2022-07-16,686,110274784.365520,2022
2022-07-17,669,107780615.410481,2022
2022-07-18,632,101199953.193689,2022
2022-07-19,570,90950763.309216,2022
2022-07-20,496,78808938.157030,2022
2022-07-21,440,68983783.309280,2022
2022-07-22,401,62622732.372332,2022
2022-07-23,395,61715796.368188,2022
2022-07-24,332,51642461.612815,2022
2022-07-25,281,43368375.801175,2022
2022-07-26,248,38383291.602369,2022
2022-07-27,212,32894596.057088,2022
2022-07-28,194,30492964.928580,2022
2022-07-29,208,33094286.611669,2022
2022-07-30,204,32604919.268784,2022
2022-07-31,192,31181097.332495,2022
2022-08-01,179,29296345.029642,2022
2022-08-02,174,28657843.381550,2022
2022-08-03,175,28809351.089135,2022
2022-08-04,180,29809323.359583,2022
2022-08-05,206,33991276.149812,2022
2022-08-06,206,33991276.149812,2022
2022-08-07,197,32708185.441460,2022
2022-08-08,205,34010129.267102,2022
2022-08-09,222,36377177.207600,2022
2022-08-10,231,37672104.938785,2022
2022-08-11,250,41011022.196370,2022
2022-08-12,288,47221082.695772,2022
2022-08-13,288,47221082.695772,2022
2022-08-14,286,46885291.662099,2022
2022-08-15,279,45976905.926192,2022
2022-08-16,296,49062908.594250,2022
2022-08-17,308,50931257.417947,2022
2022-08-18,303,50091580.960124,2022
2022-08-19,303,49626303.927532,2022
2022-08-20,299,48480500.233244,2022
2022-08-21,293,47761951.913201,2022
2022-08-22,336,54522130.680331,2022
2022-08-23,360,58568698.926627,2022
2022-08-24,373,60441932.628371,2022
2022-08-25,392,63260812.862363,2022
2022-08-26,420,67152427.565428,2022
2022-08-27,420,67152427.565428,2022
2022-08-28,419,66969314.540392,2022
2022-08-29,447,71159727.311284,2022
2022-08-30,487,77448126.520736,2022
2022-08-31,509,80843075.961012,2022
2022-09-01,549,86417842.616579,2022
2022-09-02,565,88683847.150226,2022
2022-09-03,562,88118720.774228,2022
2022-09-04,561,87948355.713828,2022
2022-09-05,602,93381195.863253,2022
2022-09-06,632,97142604.359371,2022
2022-09-07,691,103962075.925402,2022
2022-09-08,751,111316645.388279,2022
2022-09-09,834,122004784.557830,2022
2022-09-10,838,122520668.242297,2022
2022-09-11,837,122339955.491149,2022
2022-09-12,873,126568772.152178,2022
2022-09-13,937,134594307.919491,2022
2022-09-14,993,141317604.006946,2022
2022-09-15,1049,148915518.359471,2022
2022-09-16,1102,155188149.970945,2022
2022-09-17,1102,155172985.894674,2022
2022-09-18,1102,155006879.960783,2022
2022-09-19,1191,164124084.271596,2022
2022-09-20,1265,171564164.494984,2022
2022-09-21,1334,179041294.522512,2022
2022-09-22,1383,184040866.898821,2022
2022-09-23,1426,189141480.769133,2022
2022-09-24,1428,189464927.606891,2022
2022-09-25,1426,189129191.411575,2022
2022-09-26,1512,197250342.726911,2022
2022-09-27,1584,205244591.428762,2022
2022-09-28,1663,213872817.951916,2022
2022-09-29,1770,226543510.580810,2022
2022-09-30,1834,234441664.242999,2022
2022-10-01,1834,234441664.242999,2022
2022-10-02,1834,234441664.242999,2022
2022-10-03,1860,237586907.089539,2022
2022-10-04,1884,239945067.055668,2022
2022-10-05,1909,242702319.703709,2022
2022-10-06,1921,244343105.883261,2022
2022-10-07,1934,245755473.568780,2022
2022-10-08,1932,245506090.909213,2022
2022-10-09,1932,245506090.909213,2022
2022-10-10,1951,247299838.193218,2022
2022-10-11,1963,248363239.092728,2022
2022-10-12,1970,249122690.591888,2022
2022-10-13,1980,250274972.509834,2022
2022-10-14,1995,251964579.807123,2022
2022-10-15,1996,252134919.767649,2022
2022-10-16,1995,252061021.311615,2022
2022-10-17,1997,252249375.752239,2022
2022-10-18,2015,254280241.486322,2022
2022-10-19,2023,255041019.742879,2022
2022-10-20,2047,257430237.018921,2022
2022-10-21,2072,260209024.873842,2022
2022-10-22,2073,260302711.852132,2022
2022-10-23,2072,260165954.406795,2022
2022-10-24,2087,261918882.918903,2022
2022-10-25,2101,263293984.651873,2022
2022-10-26,2111,264205303.440688,2022
2022-10-27,2134,267078497.320922,2022
2022-10-28,2238,293310279.360777,2022
2022-10-29,2241,279391977.080706,2022
2022-10-30,2242,279511215.053075,2022
2022-10-31,2294,285122525.861724,2022
2022-11-01,2316,288021450.915462,2022
2022-11-02,2333,290246441.478939,2022
2022-11-03,2335,290432836.735582,2022
2022-11-04,2339,290958704.855211,2022
2022-11-05,2339,290958704.855211,2022
2022-11-06,2339,290958704.855211,2022
2022-11-07,2339,290958704.855211,2022
2022-11-08,2347,291473177.963038,2022
2022-11-09,2355,292281770.974307,2022
2022-11-10,2381,295372995.638033,2022
2022-11-11,2400,297859767.720095,2022
2022-11-12,2399,297730605.079193,2022
2022-11-13,2397,297438949.118239,2022
2022-11-14,2393,296977953.693418,2022
2022-11-15,2401,297765963.033705,2022
2022-11-16,2410,301335538.022742,2022
2022-11-17,2424,303415636.655996,2022
2022-11-18,2440,303139826.922203,2022
2022-11-19,2439,302997748.017211,2022
2022-11-20,2438,302783295.104745,2022
2022-11-21,2443,303303388.906121,2022
2022-11-22,2447,303639046.986015,2022
2022-11-23,2458,305169437.474691,2022
2022-11-24,2460,305166948.403509,2022
2022-11-25,2476,306464199.603734,2022
2022-11-26,2476,306464199.603734,2022
2022-11-27,2476,306464199.603734,2022
2022-11-28,2480,306860713.912281,2022
2022-11-29,2488,308736248.921130,2022
2022-11-30,2513,312495597.768253,2022
2022-12-01,2531,315272612.967978,2022
2022-12-02,2532,315430060.102700,2022
2022-12-03,2522,314418166.154800,2022
2022-12-04,2510,313069945.087063,2022
2022-12-05,2503,312676949.575910,2022
2022-12-06,2499,313008590.563587,2022
2022-12-07,2475,310933478.973638,2022
2022-12-08,2454,307637878.936486,2022
2022-12-09,2431,304395232.542905,2022
2022-12-10,2420,302742128.721395,2022
2022-12-11,2409,301572300.136872,2022
2022-12-12,2399,300287702.370874,2022
2022-12-13,2378,298019212.477142,2022
2022-12-14,2355,294895487.099859,2022
2022-12-15,2334,291966673.007507,2022
2022-12-16,2303,288169937.076025,2022
2022-12-17,2294,287113492.740733,2022
2022-12-18,2275,284853334.512179,2022
2022-12-19,2200,277155629.150170,2022
2022-12-20,2098,266277422.328392,2022
2022-12-21,1992,254154077.042053,2022
2022-12-22,1920,246280067.583311,2022
2022-12-23,1842,237053798.353303,2022
2022-12-24,1699,219854795.447625,2022
2022-12-25,1633,212517876.337205,2022
2022-12-26,1480,195218853.165961,2022
2022-12-27,1336,177701087.403178,2022
2022-12-28,1037,142248949.883603,2022
2022-12-29,595,81164725.803121,2022
2022-12-30,181,24188436.548036,2022
2022-12-31,38,4927347.389189,2022
2023-01-01,6,845590.001848,2023
2023-01-02,6,845590.001848,2023
2023-01-03,4,598176.609139,2023
2023-01-04,4,598176.609139,2023
2023-01-05,4,598176.609139,2023
2023-01-06,4,598176.609139,2023
2023-01-07,4,598176.609139,2023
2023-01-08,4,598176.609139,2023
2023-01-09,4,598176.609139,2023
2023-01-10,4,598176.609139,2023
2023-01-11,4,598176.609139,2023
2023-01-12,4,598176.609139,2023
2023-01-13,4,598176.609139,2023
2023-01-14,4,598176.609139,2023
2023-01-15,4,598176.609139,2023
2023-01-16,4,598176.609139,2023
2023-01-17,5,845413.583531,2023
2023-01-18,9,1459364.587694,2023
2023-01-19,28,4557253.308473,2023
2023-01-20,68,11439847.987788,2023
2023-01-21,68,11439847.987788,2023
2023-01-22,68,11439847.987788,2023
2023-01-23,105,17167624.535748,2023
2023-01-24,143,23056539.819649,2023
2023-01-25,183,28873052.397958,2023
2023-01-26,205,32219328.926343,2023
2023-01-27,238,37133511.454250,2023
2023-01-28,238,37133511.454250,2023
2023-01-29,238,37133511.454250,2023
2023-01-30,254,39901601.680595,2023
2023-01-31,264,41577463.534497,2023
2023-02-01,293,45631221.999450,2023
2023-02-02,311,48216931.998894,2023
2023-02-03,338,52143120.615871,2023
2023-02-04,339,52286645.666996,2023
2023-02-05,339,52286645.666996,2023
2023-02-06,367,56466987.501147,2023
2023-02-07,382,58594471.700989,2023
2023-02-08,397,60750191.307882,2023
2023-02-09,433,65451518.208673,2023
2023-02-10,454,68358414.311786,2023
2023-02-11,454,68358414.311786,2023
2023-02-12,454,68358414.311786,2023
2023-02-13,493,73301205.906356,2023
2023-02-14,510,75561560.097534,2023
2023-02-15,541,79341147.996102,2023
2023-02-16,577,84050180.020817,2023
2023-02-17,607,87756448.758800,2023
2023-02-18,610,88204348.284317,2023
2023-02-19,610,88204348.284317,2023
2023-02-20,637,91804185.317944,2023
2023-02-21,658,94482493.861126,2023
2023-02-22,683,97734404.433682,2023
2023-02-23,711,101286008.492544,2023
2023-02-24,729,103857022.232526,2023
2023-02-25,729,103857022.232526,2023
2023-02-26,729,103857022.232526,2023
2023-02-27,765,108714243.234494,2023
2023-02-28,768,109078239.351311,2023
2023-03-01,803,113090797.458547,2023
2023-03-02,817,115390813.819909,2023
2023-03-03,830,117463710.423833,2023
2023-03-04,830,117463710.423833,2023
2023-03-05,830,117463710.423833,2023
2023-03-06,839,118971815.368229,2023
2023-03-07,841,119253675.559405,2023
2023-03-08,856,121452892.802315,2023
2023-03-09,874,123773587.206338,2023
2023-03-10,886,137258919.555648,2023
2023-03-11,887,125458182.874585,2023
2023-03-12,887,125458182.874585,2023
2023-03-13,909,128156563.919098,2023
2023-03-14,934,131107803.400171,2023
2023-03-15,950,133019461.050563,2023
2023-03-16,965,135034733.044683,2023
2023-03-17,992,138392732.640147,2023
2023-03-18,994,138644044.706441,2023
2023-03-19,994,138644044.706441,2023
2023-03-20,994,138644044.706441,2023
2023-03-21,1013,141134003.041663,2023
2023-03-22,1021,142043291.449365,2023
2023-03-23,1039,144038611.380510,2023
2023-03-24,1061,146541793.176398,2023
2023-03-25,1061,146541793.176398,2023
2023-03-26,1061,146541793.176398,2023
2023-03-27,1093,150689810.005641,2023
2023-03-28,1109,152823637.175187,2023
2023-03-29,1125,154799656.814281,2023
2023-03-30,1143,157503017.002037,2023
2023-03-31,1154,158828016.098568,2023
2023-04-01,1154,158828016.098568,2023
2023-04-02,1154,158828016.098568,2023
2023-04-03,1154,158828016.098568,2023
2023-04-04,1154,158828016.098568,2023
2023-04-05,1154,158828016.098568,2023
2023-04-06,1154,158828016.098568,2023
2023-04-07,1154,158828016.098568,2023
2023-04-08,1154,158828016.098568,2023
2023-04-09,1154,158828016.098568,2023
2023-04-10,1178,161536884.356693,2023
2023-04-11,1186,162548663.906569,2023
2023-04-12,1196,163941007.437109,2023
2023-04-13,1207,165311987.939784,2023
2023-04-14,1226,167493454.150732,2023
2023-04-15,1226,167493454.150732,2023
2023-04-16,1226,167493454.150732,2023
2023-04-17,1239,169227373.585715,2023
2023-04-18,1256,171045285.057885,2023
2023-04-19,1263,171884370.137856,2023
2023-04-20,1284,174088297.574681,2023
2023-04-21,1295,175339052.198115,2023
2023-04-22,1294,175151392.324973,2023
2023-04-23,1293,174984583.548848,2023
2023-04-24,1301,175903083.043098,2023
2023-04-25,1317,177839658.576982,2023
2023-04-26,1318,177924922.301389,2023
2023-04-27,1331,179130719.657057,2023
2023-04-28,1358,182261586.047402,2023
2023-04-29,1358,182261586.047402,2023
2023-04-30,1358,182261586.047402,2023
2023-05-01,1358,182261586.047402,2023
2023-05-02,1384,185169184.748307,2023
2023-05-03,1394,186171415.856786,2023
2023-05-04,1401,186966494.330580,2023
2023-05-05,1405,187406035.211814,2023
2023-05-06,1404,187305381.279856,2023
2023-05-07,1404,187305381.279856,2023
2023-05-08,1411,187989384.166307,2023
2023-05-09,1426,189758175.558784,2023
2023-05-10,1430,189833469.610682,2023
2023-05-11,1436,190473641.185517,2023
2023-05-12,1448,191926619.089784,2023
2023-05-13,1443,191309723.201191,2023
2023-05-14,1435,190243997.861700,2023
2023-05-15,1438,190279217.640551,2023
2023-05-16,1435,189569281.764906,2023
2023-05-17,1427,188281353.669643,2023
2023-05-18,1435,189002416.065746,2023
2023-05-19,1439,189453471.870829,2023
2023-05-20,1410,185474597.883422,2023
2023-05-21,1400,184325936.719846,2023
2023-05-22,1383,182213936.466273,2023
2023-05-23,1338,175451387.809709,2023
2023-05-24,1299,169414844.005977,2023
2023-05-25,1268,164647141.467358,2023
2023-05-26,1257,162742711.118988,2023
2023-05-27,1197,154045672.140857,2023
2023-05-28,1188,152626728.803007,2023
2023-05-29,1178,151396087.119008,2023
2023-05-30,1161,148276508.619311,2023
2023-05-31,1143,145614068.647905,2023
2023-06-01,1099,139794086.834845,2023
2023-06-02,1080,136897866.953438,2023
2023-06-03,1047,131949871.764205,2023
2023-06-04,1040,130944919.276489,2023
2023-06-05,1044,131279461.085862,2023
2023-06-06,1022,127752413.695998,2023
2023-06-07,1006,125690629.994362,2023
2023-06-08,990,123205610.856829,2023
2023-06-09,973,121796592.950938,2023
2023-06-10,958,120129598.677405,2023
2023-06-11,952,119432302.434187,2023
2023-06-12,943,118294963.023167,2023
2023-06-13,945,138058010.428598,2023
2023-06-14,973,122845497.895046,2023
2023-06-15,994,125850477.979793,2023
2023-06-16,999,126013106.650654,2023
2023-06-17,987,124532787.255717,2023
2023-06-18,985,124167823.554286,2023
2023-06-19,987,124454829.134772,2023
2023-06-20,1049,141798366.664492,2023
2023-06-21,1138,141924289.442221,2023
2023-06-22,1202,148881835.549124,2023
2023-06-23,1321,163493559.544590,2023
2023-06-24,1318,177479631.728484,2023
2023-06-25,1306,161753650.587237,2023
2023-06-26,1448,177633078.431016,2023
2023-06-27,1548,187289534.633316,2023
2023-06-28,1690,218791411.396482,2023
2023-06-29,1821,213481688.553305,2023
2023-06-30,1846,215839679.096280,2023
2023-07-01,1841,215277662.790667,2023
2023-07-02,1836,214341063.361778,2023
2023-07-03,1832,213831807.045455,2023
2023-07-04,2206,250656697.582360,2023
2023-07-05,2389,270340012.643233,2023
2023-07-06,2514,282506967.955055,2023
2023-07-07,2634,296020414.409332,2023
2023-07-08,2633,295872537.887426,2023
2023-07-09,2632,295558795.056430,2023
2023-07-10,2658,297755379.147357,2023
2023-07-11,2689,300837462.341638,2023
2023-07-12,2692,301234756.727440,2023
2023-07-13,2702,302017625.059770,2023
2023-07-14,2710,303060483.620619,2023
2023-07-15,2712,303342531.192794,2023
2023-07-16,2712,303103037.887892,2023
2023-07-17,2727,304600277.813933,2023
2023-07-18,2728,304864474.319753,2023
2023-07-19,2731,305156116.657569,2023
2023-07-20,2731,305156116.657569,2023
2023-07-21,2731,305156116.657569,2023
2023-07-22,2731,305156116.657569,2023
2023-07-23,2731,305114876.315935,2023
2023-07-24,2732,305031273.947862,2023
2023-07-25,2733,304915415.832585,2023
2023-07-26,2734,305099897.817934,2023
2023-07-27,2735,305215314.360018,2023
2023-07-28,2737,305435631.906336,2023
2023-07-29,2736,305313913.469551,2023
2023-07-30,2732,304694666.971802,2023
2023-07-31,2733,304811973.451616,2023
2023-08-01,2734,304910263.033974,2023
2023-08-02,2732,304740882.959328,2023
2023-08-03,2732,304740882.959328,2023
2023-08-04,2732,304740882.959328,2023
2023-08-05,2732,304740882.959328,2023
2023-08-06,2731,304627631.518322,2023
2023-08-07,2729,304431609.619679,2023
2023-08-08,2730,304490583.369093,2023
2023-08-09,2730,304490583.369093,2023
2023-08-10,2729,304370670.078617,2023
2023-08-11,2728,304287710.648411,2023
2023-08-12,2728,304287710.648411,2023
2023-08-13,2726,304076477.598886,2023
2023-08-14,2727,304110991.452836,2023
2023-08-15,2727,304110991.452836,2023
2023-08-16,2727,304110991.452836,2023
2023-08-17,2726,303972370.575886,2023
2023-08-18,2725,303893158.646200,2023
2023-08-19,2723,303638466.912136,2023
2023-08-20,2723,303482058.272383,2023
2023-08-21,2720,303226505.358252,2023
2023-08-22,2718,303028387.747899,2023
2023-08-23,2718,302867337.942874,2023
2023-08-24,2718,302867337.942874,2023
2023-08-25,2717,302768323.030767,2023
2023-08-26,2716,302668352.057233,2023
2023-08-27,2713,302446132.209863,2023
2023-08-28,2709,302072631.796902,2023
2023-08-29,2709,302072631.796902,2023
2023-08-30,2707,301894089.589459,2023
2023-08-31,2706,301794163.604061,2023
2023-09-01,2706,301794163.604061,2023
2023-09-02,2704,301499533.865595,2023
2023-09-03,2704,301499533.865595,2023
2023-09-04,2699,301070726.789080,2023
2023-09-05,2691,300289367.552646,2023
2023-09-06,2686,299792993.303216,2023
2023-09-07,2680,299180840.912255,2023
2023-09-08,2677,298930587.088651,2023
2023-09-09,2674,298617736.869952,2023
2023-09-10,2667,297895351.803830,2023
2023-09-11,2659,297234531.002123,2023
2023-09-12,2651,296444738.539767,2023
2023-09-13,2643,295511673.375116,2023
2023-09-14,2638,295061998.535828,2023
2023-09-15,2631,294457823.500926,2023
2023-09-16,2626,293955526.478106,2023
2023-09-17,2619,293231208.031586,2023
2023-09-18,2619,293114409.372031,2023
2023-09-19,2613,292403392.903397,2023
2023-09-20,2599,291080329.011733,2023
2023-09-21,2587,289676050.804590,2023
2023-09-22,2581,289144349.615075,2023
2023-09-23,2579,288995761.407310,2023
2023-09-24,2573,288255960.932509,2023
2023-09-25,2573,288255960.932509,2023
2023-09-26,2556,286513236.624450,2023
2023-09-27,2544,285388038.081999,2023
2023-09-28,2536,284513560.279594,2023
2023-09-29,2517,282600196.560080,2023
2023-09-30,2507,281665763.545842,2023
2023-10-01,2500,280806404.409395,2023
2023-10-02,2499,280719556.035508,2023
2023-10-03,2497,280458787.541074,2023
2023-10-04,2465,277497580.968960,2023
2023-10-05,2443,275118434.661640,2023
2023-10-06,2421,273066884.732557,2023
2023-10-07,2403,271356667.366827,2023
2023-10-08,2401,271120772.369167,2023
2023-10-09,2399,270896694.045785,2023
2023-10-10,2391,269826194.012907,2023
2023-10-11,2385,269292788.895514,2023
2023-10-12,2385,269292788.895514,2023
2023-10-13,2378,268561685.225364,2023
2023-10-14,2363,266977949.901206,2023
2023-10-15,2350,265855778.689761,2023
2023-10-16,2343,265207384.939792,2023
2023-10-17,2338,264538607.267805,2023
2023-10-18,2335,264217798.952576,2023
2023-10-19,2331,263791849.891488,2023
2023-10-20,2306,261471717.858698,2023
2023-10-21,2288,259888313.060785,2023
2023-10-22,2277,258999775.236268,2023
2023-10-23,2243,255463108.775270,2023
2023-10-24,2241,255186882.483018,2023
2023-10-25,2231,253957423.492800,2023
2023-10-26,2198,251035428.175319,2023
2023-10-27,2176,249225079.823260,2023
2023-10-28,2130,244655441.922682,2023
2023-10-29,2078,239969931.624693,2023
2023-10-30,2065,238640592.818996,2023
2023-10-31,2061,238123501.860971,2023
2023-11-01,2040,235072492.872857,2023
2023-11-02,2027,233716958.353593,2023
2023-11-03,2039,235873554.000678,2023
2023-11-04,1916,224877346.961054,2023
2023-11-05,1835,216985879.266639,2023
2023-11-06,1780,211711100.905696,2023
2023-11-07,1733,207082639.193877,2023
2023-11-08,1729,206669458.984586,2023
2023-11-09,1726,206591996.886058,2023
2023-11-10,1714,205905799.503483,2023
2023-11-11,1705,205175447.264694,2023
2023-11-12,1696,204130067.549146,2023
2023-11-13,1684,202650776.544117,2023
2023-11-14,1681,202214119.385253,2023
2023-11-15,1673,201056090.957617,2023
2023-11-16,1677,201646623.696021,2023
2023-11-17,1671,201472139.381452,2023
2023-11-18,1656,200110006.616937,2023
2023-11-19,1645,198635301.164991,2023
2023-11-20,1647,198716515.705317,2023
2023-11-21,1645,198935631.494807,2023
2023-11-22,1633,198176268.066770,2023
2023-11-23,1638,199008484.171162,2023
2023-11-24,1664,202575940.225671,2023
2023-11-25,1657,201816841.637231,2023
2023-11-26,1632,198504291.923850,2023
2023-11-27,1633,199728549.201173,2023
2023-11-28,1621,199811027.706451,2023
2023-11-29,1640,201844758.726061,2023
2023-11-30,1652,203829491.607704,2023
2023-12-01,1675,207324304.935477,2023
2023-12-02,1672,206288382.880975,2023
2023-12-03,1667,205772679.781513,2023
2023-12-04,1569,197687056.540085,2023
2023-12-05,1556,196431357.486724,2023
2023-12-06,1531,194988774.850205,2023
2023-12-07,1524,195801651.708390,2023
2023-12-08,1491,191507051.658847,2023
2023-12-09,1446,184567325.116301,2023
2023-12-10,1433,182826578.582531,2023
2023-12-11,1429,182558546.105816,2023
2023-12-12,1437,184028789.346751,2023
2023-12-13,1406,180012804.915739,2023
2023-12-14,1369,175147820.650274,2023
2023-12-15,1356,174095272.008607,2023
2023-12-16,1212,157044892.620403,2023
2023-12-17,1177,153170765.264997,2023
2023-12-18,1169,152512631.617144,2023
2023-12-19,1156,151168358.661918,2023
2023-12-20,1108,145062881.091895,2023
2023-12-21,1007,131513330.375007,2023
2023-12-22,969,127365516.202225,2023
2023-12-23,880,115545350.784477,2023
2023-12-24,808,106327411.963731,2023
2023-12-25,768,101197428.085493,2023
2023-12-26,682,90089915.823672,2023
2023-12-27,510,67795935.663901,2023
2023-12-28,337,44044383.454150,2023
2023-12-29,105,16654869.284305,2023
2023-12-30,46,5599692.173133,2023
2023-12-31,16,2070876.666882,2023
2024-01-01,3,469688.381288,2024
2024-01-02,3,469688.381288,2024
2024-01-03,3,469688.381288,2024
2024-01-04,3,469688.381288,2024
2024-01-05,3,469688.381288,2024
2024-01-06,3,469688.381288,2024
2024-01-07,3,469688.381288,2024
2024-01-08,3,469688.381288,2024
2024-01-09,3,469688.381288,2024
2024-01-10,3,469688.381288,2024
2024-01-11,3,469688.381288,2024
2024-01-12,3,469688.381288,2024
2024-01-13,3,469688.381288,2024
2024-01-14,3,469688.381288,2024
2024-01-15,3,469688.381288,2024
2024-01-16,3,469688.381288,2024
2024-01-17,3,469688.381288,2024
2024-01-18,18,3296215.550973,2024
2024-01-19,49,8418468.129143,2024
2024-01-20,49,8418468.129143,2024
2024-01-21,49,8418468.129143,2024
2024-01-22,62,10461489.267748,2024
2024-01-23,87,14524214.652860,2024
2024-01-24,122,19709386.772347,2024
2024-01-25,148,23797463.145967,2024
2024-01-26,188,29739937.138702,2024
2024-01-27,188,29739937.138702,2024
2024-01-28,186,29401761.504175,2024
2024-01-29,221,34894512.258912,2024
2024-01-30,256,39408967.946435,2024
2024-01-31,273,41867974.734465,2024
2024-02-01,319,48557314.651244,2024
2024-02-02,338,51349095.995404,2024
2024-02-03,350,53176666.288597,2024
2024-02-04,350,53176666.288597,2024
2024-02-05,360,54550558.120631,2024
2024-02-06,398,59920179.509774,2024
2024-02-07,424,63423928.139843,2024
2024-02-08,455,67858737.219466,2024
2024-02-09,472,70185481.440714,2024
2024-02-10,489,72755787.839225,2024
2024-02-11,489,72755787.839225,2024
2024-02-12,501,74215465.831451,2024
2024-02-13,526,77304372.436688,2024
2024-02-14,549,80108596.242786,2024
2024-02-15,570,94237246.542307,2024
2024-02-16,585,84718188.460739,2024
2024-02-17,590,85290922.231876,2024
2024-02-18,590,85290922.231876,2024
2024-02-19,612,88225046.660417,2024
2024-02-20,622,89536928.137035,2024
2024-02-21,645,92124188.378198,2024
2024-02-22,683,97254317.042292,2024
2024-02-23,696,98830616.467288,2024
2024-02-24,697,99035819.454129,2024
2024-02-25,697,99035819.454129,2024
2024-02-26,720,102316749.717868,2024
2024-02-27,737,104415903.549121,2024
2024-02-28,752,106329999.068599,2024
2024-02-29,769,108400258.819275,2024
2024-03-01,790,111361149.161109,2024
2024-03-02,791,111510087.504238,2024
2024-03-03,791,111510087.504238,2024
2024-03-04,804,112939813.471139,2024
2024-03-05,823,115430801.492553,2024
2024-03-06,842,117705964.740808,2024
2024-03-07,848,118446378.814832,2024
2024-03-08,861,120084950.255637,2024
2024-03-09,861,120084950.255637,2024
2024-03-10,861,120084950.255637,2024
2024-03-11,871,121344051.373037,2024
2024-03-12,884,122598023.797611,2024
2024-03-13,903,125026008.809001,2024
2024-03-14,913,126390144.667048,2024
2024-03-15,922,127309464.733947,2024
2024-03-16,922,127309464.733947,2024
2024-03-17,922,127309464.733947,2024
2024-03-18,935,128954549.535578,2024
2024-03-19,945,130160330.863688,2024
2024-03-20,964,132797879.325400,2024
2024-03-21,971,133812644.942858,2024
2024-03-22,983,135327839.695225,2024
2024-03-23,983,135327839.695225,2024
2024-03-24,983,135327839.695225,2024
2024-03-25,983,135327839.695225,2024
2024-03-26,981,135008492.546954,2024
2024-03-27,982,135169696.400693,2024
2024-03-28,982,135169696.400693,2024
2024-03-29,982,135169696.400693,2024
2024-03-30,982,135169696.400693,2024
2024-03-31,981,135085050.168621,2024
2024-04-01,1004,137896494.363700,2024
2024-04-02,1010,138615892.410047,2024
2024-04-03,1022,139849680.954243,2024
2024-04-04,1029,140825992.923528,2024
2024-04-05,1034,141432658.777089,2024
2024-04-06,1035,141506572.101023,2024
2024-04-07,1035,141506572.101023,2024
2024-04-08,1047,143084786.862107,2024
2024-04-09,1054,143997630.650890,2024
2024-04-10,1064,145427061.540544,2024
2024-04-11,1070,146282164.386833,2024
2024-04-12,1086,148459746.838521,2024
2024-04-13,1087,148589805.860443,2024
2024-04-14,1086,148506069.414196,2024
2024-04-15,1111,151839914.861621,2024
2024-04-16,1118,152788604.557830,2024
2024-04-17,1132,154470496.381859,2024
2024-04-18,1138,155146295.649401,2024
2024-04-19,1144,155863598.428486,2024
2024-04-20,1144,155863598.428486,2024
2024-04-21,1144,155863598.428486,2024
2024-04-22,1147,172911577.139097,2024
2024-04-23,1149,156468056.958117,2024
2024-04-24,1151,156722977.462009,2024
2024-04-25,1156,157409459.317498,2024
2024-04-26,1152,156678641.075484,2024
2024-04-27,1150,156461687.555660,2024
2024-04-28,1150,156461687.555660,2024
2024-04-29,1161,157863371.919188,2024
2024-04-30,1165,158326650.074561,2024
2024-05-01,1163,158067156.253157,2024
2024-05-02,1169,158705375.328974,2024
2024-05-03,1173,159094917.546442,2024
2024-05-04,1173,159094917.546442,2024
2024-05-05,1173,159094917.546442,2024
2024-05-06,1177,174005185.773140,2024
2024-05-07,1176,159482373.842336,2024
2024-05-08,1171,158715956.367325,2024
2024-05-09,1173,158879085.164790,2024
2024-05-10,1175,158993837.874440,2024
2024-05-11,1175,158993837.874440,2024
2024-05-12,1172,158609411.462121,2024
2024-05-13,1165,157608380.309252,2024
2024-05-14,1172,158378488.612822,2024
2024-05-15,1178,159141667.965281,2024
2024-05-16,1179,159302309.040577,2024
2024-05-17,1187,160072412.728434,2024
2024-05-18,1181,158965842.902702,2024
2024-05-19,1170,156994405.167195,2024
2024-05-20,1172,157210256.578619,2024
2024-05-21,1176,157961167.260179,2024
2024-05-22,1173,157192889.085899,2024
2024-05-23,1163,155448820.950921,2024
2024-05-24,1163,154893575.721473,2024
2024-05-25,1147,176636946.943022,2024
2024-05-26,1123,148700368.595262,2024
2024-05-27,1165,154239321.841828,2024
2024-05-28,1204,159693251.884776,2024
2024-05-29,1234,163082246.350295,2024
2024-05-30,1264,169342341.835656,2024
2024-05-31,1307,176313991.845568,2024
2024-06-01,1305,174836708.214355,2024
2024-06-02,1303,173686335.980703,2024
2024-06-03,1303,174155344.737927,2024
2024-06-04,1404,187887511.364778,2024
2024-06-05,1435,191616503.935854,2024
2024-06-06,1461,193604933.760415,2024
2024-06-07,1481,195220434.357438,2024
2024-06-08,1475,193776948.509487,2024
2024-06-09,1475,193520265.789208,2024
2024-06-10,1472,192805852.939146,2024
2024-06-11,1529,196953988.709431,2024
2024-06-12,1529,196464713.735954,2024
2024-06-13,1536,196501465.557007,2024
2024-06-14,1549,197386840.530566,2024
2024-06-15,1541,196409977.413671,2024
2024-06-16,1541,196270564.197138,2024
2024-06-17,1555,197323628.293072,2024
2024-06-18,1556,217456235.698906,2024
2024-06-19,1554,196496001.628409,2024
2024-06-20,1552,196123959.017124,2024
2024-06-21,1548,200245470.769884,2024
2024-06-22,1521,191576158.115294,2024
2024-06-23,1520,191405296.253307,2024
2024-06-24,1525,217083798.106300,2024
2024-06-25,1528,192349665.220834,2024
2024-06-26,1528,192259709.457315,2024
2024-06-27,1531,192641825.337818,2024
2024-06-28,1535,193061545.070700,2024
2024-06-29,1533,192871698.557381,2024
2024-06-30,1531,192827764.735797,2024
2024-07-01,1514,190644742.421373,2024
2024-07-02,1514,190606481.938684,2024
2024-07-03,1507,189806797.818504,2024
2024-07-04,1504,189488198.176787,2024
2024-07-05,1498,188754160.725730,2024
2024-07-06,1496,188552480.478971,2024
2024-07-07,1493,188232177.915495,2024
2024-07-08,1485,187208979.038765,2024
2024-07-09,1477,186118633.495442,2024
2024-07-10,1473,185587249.491587,2024
2024-07-11,1471,185274023.072802,2024
2024-07-12,1470,184924510.875803,2024
2024-07-13,1462,183809850.050125,2024
2024-07-14,1459,183437091.688865,2024
2024-07-15,1446,181644094.909788,2024
2024-07-16,1449,181692034.988149,2024
2024-07-17,1440,180472294.435629,2024
2024-07-18,1429,178583915.556202,2024
2024-07-19,1405,174968990.507834,2024
2024-07-20,1396,173758417.987029,2024
2024-07-21,1392,173180654.740840,2024
2024-07-22,1379,171225656.234882,2024
2024-07-23,1369,169676844.928246,2024
2024-07-24,1354,167840443.433864,2024
2024-07-25,1350,167052222.872143,2024
2024-07-26,1351,166883052.417960,2024
2024-07-27,1336,165236465.330425,2024
2024-07-28,1322,163752713.038138,2024
2024-07-29,1304,161215956.790426,2024
2024-07-30,1280,158069747.352442,2024
2024-07-31,1251,154364188.745965,2024
2024-08-01,1247,153173804.905744,2024
2024-08-02,1253,153779562.238471,2024
2024-08-03,1234,151409994.049777,2024
2024-08-04,1194,146583893.095253,2024
2024-08-05,1183,145003646.696634,2024
2024-08-06,1148,140260742.611639,2024
2024-08-07,1120,136655455.295740,2024
2024-08-08,1106,134322796.107468,2024
2024-08-09,1102,133651411.690623,2024
2024-08-10,1081,130737865.162116,2024
2024-08-11,1071,129677790.506058,2024
2024-08-12,1058,128071673.174103,2024
2024-08-13,1040,126159095.052096,2024
2024-08-14,1008,122638774.497792,2024
2024-08-15,1000,121519975.652994,2024
2024-08-16,993,120708900.859141,2024
2024-08-17,980,119442364.260114,2024
2024-08-18,973,118660365.065944,2024
2024-08-19,960,117158576.377207,2024
2024-08-20,954,116496768.516440,2024
2024-08-21,941,115115998.145269,2024
2024-08-22,926,121948536.461421,2024
2024-08-23,920,112601313.813808,2024
2024-08-24,898,109816720.881345,2024
2024-08-25,889,108839256.718078,2024
2024-08-26,880,107390106.831792,2024
2024-08-27,862,105582157.924308,2024
2024-08-28,836,118575535.737834,2024
2024-08-29,805,104887816.154556,2024
2024-08-30,811,99923816.342732,2024
2024-08-31,774,95051820.941684,2024
2024-09-01,764,94013837.031986,2024
2024-09-02,798,99450593.659885,2024
2024-09-03,826,103323448.406078,2024
2024-09-04,775,97413048.443165,2024
2024-09-05,773,97715545.449466,2024
2024-09-06,778,99512778.044337,2024
2024-09-07,761,97554430.189874,2024
2024-09-08,756,96909109.594334,2024
2024-09-09,771,98925105.652477,2024
2024-09-10,783,101095925.625338,2024
2024-09-11,764,101565378.490038,2024
2024-09-12,762,101497592.636271,2024
2024-09-13,772,103018585.158640,2024
2024-09-14,761,101712406.658200,2024
2024-09-15,756,101179894.738827,2024
2024-09-16,756,101356131.222794,2024
2024-09-17,756,101987360.120072,2024
2024-09-18,768,103611439.500141,2024
2024-09-19,785,105827334.664686,2024
2024-09-20,796,107159765.298687,2024
2024-09-21,792,106592456.060548,2024
2024-09-22,787,105926105.979606,2024
2024-09-23,803,123339682.552889,2024
2024-09-24,826,111138996.166333,2024
2024-09-25,861,115670883.757922,2024
2024-09-26,882,118089566.108627,2024
2024-09-27,918,123261002.996458,2024
2024-09-28,910,122281722.802527,2024
2024-09-29,886,119271680.208193,2024
2024-09-30,898,120797279.237161,2024
2024-10-01,971,131639088.704122,2024
2024-10-02,985,133560000.427992,2024
2024-10-03,987,133553747.969220,2024
2024-10-04,992,134141496.781409,2024
2024-10-05,972,132038884.516665,2024
2024-10-06,958,130261559.142722,2024
2024-10-07,1004,142948655.246200,2024
2024-10-08,1067,144766775.468262,2024
2024-10-09,1100,148557763.626998,2024
2024-10-10,1138,153306911.184722,2024
2024-10-11,1170,156445895.075684,2024
2024-10-12,1192,159760953.031851,2024
2024-10-13,1188,159345829.904500,2024
2024-10-14,1190,159602249.803838,2024
2024-10-15,1215,162583861.635044,2024
2024-10-16,1253,168177295.332579,2024
2024-10-17,1271,170427187.644027,2024
2024-10-18,1318,176228172.428745,2024
2024-10-19,1330,178149791.773192,2024
2024-10-20,1325,177587164.068412,2024
2024-10-21,1357,189508406.736887,2024
2024-10-22,1354,180974736.611845,2024
2024-10-23,1357,181544675.589595,2024
2024-10-24,1386,234970209.000076,2024
2024-10-25,1399,187236157.730764,2024
2024-10-26,1411,188320578.692753,2024
2024-10-27,1408,187860622.552203,2024
2024-10-28,1439,191489737.472509,2024
2024-10-29,1486,205873786.623278,2024
2024-10-30,1526,228711560.087404,2024
2024-10-31,1547,202529976.931480,2024
2024-11-01,1708,220924819.127686,2024
2024-11-02,1718,221821186.128637,2024
2024-11-03,1717,221695260.136258,2024
2024-11-04,1716,221605312.998844,2024
2024-11-05,1731,223501964.545273,2024
2024-11-06,1787,230433501.122600,2024
2024-11-07,1810,233071907.903664,2024
2024-11-08,1831,235850052.759949,2024
2024-11-09,1835,236391498.973041,2024
2024-11-10,1832,235990454.804567,2024
2024-11-11,1829,235498782.952235,2024
2024-11-12,1848,237445089.178579,2024
2024-11-13,1863,239102124.092203,2024
2024-11-14,1895,242862214.729062,2024
2024-11-15,1927,256786850.684595,2024
2024-11-16,1935,247804309.690070,2024
2024-11-17,1934,247497344.000319,2024
2024-11-18,1957,250266913.188430,2024
2024-11-19,1987,259599299.187832,2024
2024-11-20,2005,257373489.949468,2024
2024-11-21,2035,260954709.615533,2024
2024-11-22,2057,264657503.332240,2024
2024-11-23,2076,267190222.031131,2024
2024-11-24,2074,267003658.465338,2024
2024-11-25,2082,268170490.909067,2024
2024-11-26,2099,270042910.307445,2024
2024-11-27,2113,272225530.552028,2024
2024-11-28,2125,273855533.291408,2024
2024-11-29,2157,277915530.473299,2024
2024-11-30,2167,279160249.104454,2024
2024-12-01,2163,278673712.961092,2024
2024-12-02,2167,279642703.443614,2024
2024-12-03,2162,278872577.720598,2024
2024-12-04,2158,277874468.686456,2024
2024-12-05,2157,277734928.543222,2024
2024-12-06,2158,277678961.356008,2024
2024-12-07,2146,276361209.625810,2024
2024-12-08,2145,276262474.210708,2024
2024-12-09,2137,275981200.598605,2024
2024-12-10,2137,280213923.119771,2024
2024-12-11,2125,278693779.542729,2024
2024-12-12,2117,277549645.862598,2024
2024-12-13,2112,276864899.286582,2024
2024-12-14,2104,275863450.162324,2024
2024-12-15,2076,272625076.663779,2024
2024-12-16,2053,269651593.351532,2024
2024-12-17,2037,267590589.261077,2024
2024-12-18,2000,262787228.433823,2024
2024-12-19,1951,256264597.415136,2024
2024-12-20,1917,251440074.105273,2024
2024-12-21,1850,242585260.246126,2024
2024-12-22,1809,237084713.796909,2024
2024-12-23,1733,226762767.482805,2024
2024-12-24,1628,212208663.524778,2024
2024-12-25,1496,195381920.060235,2024
2024-12-26,1327,176780348.529761,2024
2024-12-27,1117,144116485.297372,2024
2024-12-28,916,117399482.601550,2024
2024-12-29,734,95421276.407717,2024
2024-12-30,471,61557940.984927,2024
2024-12-31,141,20155241.556075,2024
2025-01-01,4,516218.699026,2025
2025-01-02,4,516218.699026,2025
2025-01-03,4,516218.699026,2025
2025-01-04,4,516218.699026,2025
2025-01-05,4,516218.699026,2025
2025-01-06,4,516218.699026,2025
2025-01-07,4,516218.699026,2025
2025-01-08,4,516218.699026,2025
2025-01-09,4,516218.699026,2025
2025-01-10,4,516218.699026,2025
2025-01-11,4,516218.699026,2025
2025-01-12,4,516218.699026,2025
2025-01-13,4,516218.699026,2025
2025-01-14,4,516218.699026,2025
2025-01-15,4,516218.699026,2025
2025-01-16,8,1138033.591974,2025
2025-01-17,32,5047121.448366,2025
2025-01-18,32,5047121.448366,2025
2025-01-19,32,5047121.448366,2025
2025-01-20,56,8890434.453855,2025
2025-01-21,74,11490731.606170,2025
2025-01-22,95,14499463.167296,2025
2025-01-23,119,17609983.386358,2025
2025-01-24,136,20369745.662781,2025
2025-01-25,136,20369745.662781,2025
2025-01-26,136,20369745.662781,2025
2025-01-27,152,22906774.734716,2025
2025-01-28,165,24663399.545712,2025
2025-01-29,198,29544152.596905,2025
2025-01-30,235,34927150.674828,2025
2025-01-31,258,38489950.693990,2025
2025-02-01,258,38489950.693990,2025
2025-02-02,258,38489950.693990,2025
2025-02-03,286,42837570.732183,2025
2025-02-04,293,43780325.811079,2025
2025-02-05,312,46674143.522989,2025
2025-02-06,340,51019347.203672,2025
2025-02-07,374,56614016.737648,2025
2025-02-08,374,56614016.737648,2025
2025-02-09,374,56614016.737648,2025
2025-02-10,401,60216643.127888,2025
2025-02-11,421,62852299.355812,2025
2025-02-12,452,67257537.667262,2025
2025-02-13,474,97865847.830150,2025
2025-02-14,484,96061101.224270,2025
2025-02-15,484,71379413.587509,2025
2025-02-16,484,71379413.587509,2025
2025-02-17,502,73907412.334478,2025
2025-02-18,517,75968060.974680,2025
2025-02-19,537,78528378.532833,2025
2025-02-20,560,82167345.391910,2025
2025-02-21,575,84285642.375961,2025
2025-02-22,575,84285642.375961,2025
2025-02-23,575,84285642.375961,2025
2025-02-24,580,84834346.570108,2025
2025-02-25,599,87214253.376509,2025
2025-02-26,617,89682208.640399,2025
2025-02-27,639,92738013.220072,2025
2025-02-28,655,95572843.433368,2025
2025-03-01,665,96857013.599781,2025
2025-03-02,665,96857013.599781,2025
2025-03-03,694,101649171.163810,2025
2025-03-04,710,103792756.951294,2025
2025-03-05,722,105271924.096798,2025
2025-03-06,746,109439572.698741,2025
2025-03-07,786,131545009.820969,2025
2025-03-08,809,119383668.448630,2025
2025-03-09,809,119383668.448630,2025
2025-03-10,830,121676714.900662,2025
2025-03-11,842,123357169.278664,2025
2025-03-12,865,125781950.234602,2025
2025-03-13,881,127958701.110070,2025
2025-03-14,891,129246180.423395,2025
2025-03-15,897,130119193.343363,2025
2025-03-16,895,127170031.833185,2025
2025-03-17,903,128132826.267363,2025
2025-03-18,907,128672762.539056,2025
2025-03-19,910,129015907.680784,2025
2025-03-20,916,129211697.137326,2025
2025-03-21,916,129204759.866755,2025
2025-03-22,919,129500324.557511,2025
2025-03-23,919,129500324.557511,2025
2025-03-24,920,129588557.392754,2025
2025-03-25,932,130704188.092222,2025
2025-03-26,942,132078891.900198,2025
2025-03-27,947,132685775.147483,2025
2025-03-28,955,133621605.525741,2025
2025-03-29,954,133435679.441849,2025
2025-03-30,954,133435679.441849,2025
2025-03-31,959,134153609.580886,2025
2025-04-01,966,134811728.618580,2025
2025-04-02,966,134741187.813465,2025
2025-04-03,967,133972988.663509,2025
2025-04-04,977,135342528.801483,2025
2025-04-05,977,135342528.801483,2025
2025-04-06,977,135342528.801483,2025
2025-04-07,986,136449569.240686,2025
2025-04-08,996,137701572.000027,2025
2025-04-09,1005,138669966.872276,2025
2025-04-10,1008,139056552.422474,2025
2025-04-11,1030,142114979.103309,2025
2025-04-12,1041,142987888.704561,2025
2025-04-13,1041,142987888.704561,2025
2025-04-14,1041,142987888.704561,2025
2025-04-15,1043,143209296.792401,2025
2025-04-16,1043,143209296.792401,2025
2025-04-17,1042,143043841.434337,2025
2025-04-18,1042,143043841.434337,2025
2025-04-19,1042,143043841.434337,2025
2025-04-20,1042,143043841.434337,2025
2025-04-21,1071,146671029.776179,2025
2025-04-22,1081,147365787.549283,2025
2025-04-23,1100,149894685.012770,2025
2025-04-24,1119,152096871.710078,2025
2025-04-25,1148,156090603.635410,2025
2025-04-26,1148,156090603.635410,2025
2025-04-27,1147,155925148.277346,2025
2025-04-28,1171,162834667.726525,2025
2025-04-29,1179,180379454.088215,2025
2025-04-30,1189,164728010.926338,2025
2025-05-01,1189,164728010.926338,2025
2025-05-02,1206,166979408.691860,2025
2025-05-03,1208,167233798.532071,2025
2025-05-04,1208,167233798.532071,2025
2025-05-05,1225,169443897.909206,2025
2025-05-06,1229,169943159.546690,2025
2025-05-07,1238,171075823.815584,2025
2025-05-08,1245,168322661.907653,2025
2025-05-09,1254,169208945.779244,2025
2025-05-10,1254,169208945.779244,2025
2025-05-11,1254,169208945.779244,2025
2025-05-12,1263,170185912.147887,2025
2025-05-13,1271,171114000.723550,2025
2025-05-14,1274,171496217.429692,2025
2025-05-15,1277,172102479.701109,2025
2025-05-16,1281,172643332.886477,2025
2025-05-17,1274,171520773.167294,2025
2025-05-18,1274,171520773.167294,2025
2025-05-19,1280,172484952.877016,2025
2025-05-20,1278,172514512.860692,2025
2025-05-21,1279,172452940.287994,2025
2025-05-22,1279,172127505.453188,2025
2025-05-23,1279,172122475.617202,2025
2025-05-24,1269,170447162.911757,2025
2025-05-25,1269,170447162.911757,2025
2025-05-26,1279,171531771.507794,2025
2025-05-27,1283,171628237.302375,2025
2025-05-28,1302,173720415.409721,2025
2025-05-29,1313,174908869.621682,2025
2025-05-30,1307,173762416.135596,2025
2025-05-31,1306,173579588.819768,2025
2025-06-01,1305,173480536.613909,2025
2025-06-02,1305,173480536.613909,2025
2025-06-03,1361,179336303.055273,2025
2025-06-04,1369,180115511.437548,2025
2025-06-05,1370,179906177.005360,2025
2025-06-06,1392,181915286.688390,2025
2025-06-07,1375,179416372.632675,2025
2025-06-08,1375,179416372.632675,2025
2025-06-09,1407,183949342.932179,2025
2025-06-10,1421,185204649.257294,2025
2025-06-11,1419,184423729.433383,2025
2025-06-12,1421,184532898.917834,2025
2025-06-13,1427,185249705.427662,2025
2025-06-14,1419,183298302.025334,2025
2025-06-15,1418,183157567.912972,2025
2025-06-16,1430,184607202.094784,2025
2025-06-17,1435,184843039.697522,2025
2025-06-18,1436,184751124.310310,2025
2025-06-19,1439,184901365.959937,2025
2025-06-20,1440,184366139.837805,2025
2025-06-21,1425,182474197.481140,2025
2025-06-22,1423,182236408.355836,2025
2025-06-23,1420,181839215.819233,2025
2025-06-24,1428,183153314.507888,2025
2025-06-25,1428,183046762.263323,2025
2025-06-26,1422,182071885.041331,2025
2025-06-27,1425,182486408.050663,2025
2025-06-28,1420,181515019.112531,2025
2025-06-29,1412,180192850.709326,2025
2025-06-30,1407,179566158.589577,2025
2025-07-01,1437,192402902.541840,2025
2025-07-02,1440,183828138.139045,2025
2025-07-03,1423,181673985.920636,2025
2025-07-04,1416,180759430.111687,2025
2025-07-05,1404,179030193.793855,2025
2025-07-06,1380,175952524.664057,2025
2025-07-07,1356,172727525.382704,2025
2025-07-08,1348,171544050.529736,2025
2025-07-09,1350,171764540.892110,2025
2025-07-10,1331,169803073.901148,2025
2025-07-11,1326,169030981.830518,2025
2025-07-12,1300,165611542.485876,2025
2025-07-13,1283,163231713.644611,2025
2025-07-14,1284,163251321.831308,2025
2025-07-15,1289,163616235.914722,2025
2025-07-16,1297,164474544.881702,2025
2025-07-17,1291,162972078.390656,2025
2025-07-18,1299,163608001.171346,2025
2025-07-19,1287,162246086.960683,2025
2025-07-20,1259,158110457.031482,2025
2025-07-21,1265,158708189.181247,2025
2025-07-22,1262,158072690.404755,2025
2025-07-23,1272,159291274.326590,2025
2025-07-24,1291,161644320.018456,2025
2025-07-25,1311,164758321.275661,2025
2025-07-26,1307,164530623.671531,2025
2025-07-27,1294,163098462.914746,2025
2025-07-28,1311,165675090.126017,2025
2025-07-29,1351,170653398.869460,2025
2025-07-30,1376,173093553.812688,2025
2025-07-31,1383,173701352.692270,2025
2025-08-01,1468,184565188.525862,2025
2025-08-02,1467,184555161.506080,2025
2025-08-03,1428,179882007.207308,2025
2025-08-04,1459,183581845.364400,2025
2025-08-05,1464,184463563.730540,2025
2025-08-06,1465,184379207.762005,2025
2025-08-07,1440,181009976.027429,2025
2025-08-08,1426,179160946.230162,2025
2025-08-09,1408,177272081.866600,2025
2025-08-10,1392,175272806.548850,2025
2025-08-11,1385,174417698.495482,2025
2025-08-12,1366,182136460.009511,2025
2025-08-13,1376,183380901.635821,2025
2025-08-14,1392,175350735.803446,2025
2025-08-15,1407,177305049.321862,2025
2025-08-16,1405,177042590.632682,2025
2025-08-17,1397,176028640.554191,2025
2025-08-18,1389,175159185.478878,2025
2025-08-19,1406,177349250.848306,2025
2025-08-20,1414,191269003.839330,2025
2025-08-21,1402,177075310.597122,2025
2025-08-22,1411,178823362.534990,2025
2025-08-23,1389,175983564.457462,2025
2025-08-24,1368,173547118.646701,2025
2025-08-25,1361,172568123.800066,2025
2025-08-26,1374,174980250.122075,2025
2025-08-27,1387,176767073.634807,2025
2025-08-28,1372,175006192.182903,2025
2025-08-29,1370,175297321.312835,2025
2025-08-30,1360,175390836.215041,2025
2025-08-31,1356,174837346.471266,2025
2025-09-01,1379,177230323.724470,2025
2025-09-02,1384,177395536.565975,2025
2025-09-03,1373,176171969.244650,2025
2025-09-04,1379,176997424.051271,2025
2025-09-05,1391,178515636.614955,2025
2025-09-06,1381,177233725.764256,2025
2025-09-07,1371,175959938.612351,2025
2025-09-08,1381,177193682.079315,2025
2025-09-09,1392,179270746.918461,2025
2025-09-10,1412,182887228.197248,2025
2025-09-11,1422,184403473.839006,2025
2025-09-12,1420,184401145.304558,2025
2025-09-13,1407,182673946.980058,2025
2025-09-14,1404,182291730.273916,2025
2025-09-15,1428,185362317.130145,2025
2025-09-16,1443,187162482.511033,2025
2025-09-17,1444,186529012.880149,2025
2025-09-18,1454,187708510.632215,2025
2025-09-19,1472,189576217.637584,2025
2025-09-20,1467,189226525.322332,2025
2025-09-21,1462,188620798.717131,2025
2025-09-22,1491,192430710.545479,2025
2025-09-23,1544,197311318.103415,2025
2025-09-24,1581,200769296.779543,2025
2025-09-25,1619,203876686.794241,2025
2025-09-26,1656,207427751.261806,2025
2025-09-27,1652,206923799.023374,2025
2025-09-28,1646,206010769.833168,2025
2025-09-29,1692,210400655.458789,2025
2025-09-30,1720,213040799.039583,2025
2025-10-01,1838,224016201.791632,2025
2025-10-02,1853,225644638.133917,2025
2025-10-03,1859,226346666.922697,2025
2025-10-04,1851,225441857.792251,2025
2025-10-05,1848,224934027.440671,2025
2025-10-06,1898,237632512.625729,2025
2025-10-07,1932,240072441.871466,2025
2025-10-08,1960,236240900.120460,2025
2025-10-09,2003,246039434.321581,2025
2025-10-10,2045,245040444.820231,2025
2025-10-11,2041,244631547.046096,2025
2025-10-12,2039,244134139.152804,2025
2025-10-13,2041,244108374.010492,2025
2025-10-14,2056,245571687.956107,2025
2025-10-15,2096,249464289.550582,2025
2025-10-16,2121,252542264.415238,2025
2025-10-17,2138,254511290.321982,2025
2025-10-18,2133,253776533.055064,2025
2025-10-19,2125,252353290.605349,2025
2025-10-20,2144,254324948.936432,2025
2025-10-21,2175,257953050.598382,2025
2025-10-22,2219,262438996.349267,2025
2025-10-23,2233,263811774.382280,2025
2025-10-24,2274,269880492.372893,2025
2025-10-25,2272,269098071.984385,2025
2025-10-26,2271,269073981.720327,2025
2025-10-27,2326,275145255.437501,2025
2025-10-28,2353,277959374.121077,2025
2025-10-29,2378,281066079.634949,2025
2025-10-30,2417,284676580.758817,2025
2025-10-31,2439,286967992.761139,2025
2025-11-01,2448,287900217.191736,2025
2025-11-02,2448,287900217.191736,2025
2025-11-03,2449,287890125.482968,2025
2025-11-04,2461,289423121.960598,2025
2025-11-05,2464,289775103.938279,2025
2025-11-06,2467,290224268.733539,2025
2025-11-07,2478,290869899.081793,2025
2025-11-08,2478,290785309.709587,2025
2025-11-09,2477,290698770.817524,2025
2025-11-10,2493,292468122.823886,2025
2025-11-11,2511,294812807.857091,2025
2025-11-12,2521,295954936.547910,2025
2025-11-13,2535,297884441.150021,2025
2025-11-14,2572,312794730.037206,2025
2025-11-15,2583,303402949.396291,2025
2025-11-16,2581,303195256.055340,2025
2025-11-17,2580,303100027.045488,2025
2025-11-18,2604,312802926.607105,2025
2025-11-19,2619,307412130.660155,2025
2025-11-20,2645,310190696.887165,2025
2025-11-21,2665,312405950.184940,2025
2025-11-22,2673,313395542.311005,2025
2025-11-23,2671,313207382.685250,2025
2025-11-24,2684,318677151.695937,2025
2025-11-25,2690,315185484.746101,2025
2025-11-26,2714,317638668.043001,2025
2025-11-27,2711,317748783.564988,2025
2025-11-28,2716,318361840.028903,2025
2025-11-29,2724,319932930.940785,2025
2025-11-30,2720,319525607.968966,2025
2025-12-01,2706,318447391.176022,2025
2025-12-02,2683,316059941.274055,2025
2025-12-03,2675,315256170.053691,2025
2025-12-04,2667,317541839.092674,2025
2025-12-05,2674,314964127.241967,2025
2025-12-06,2667,314168781.568011,2025
2025-12-07,2665,313936395.975070,2025
2025-12-08,2661,313456862.802293,2025
2025-12-09,2657,312986772.217860,2025
2025-12-10,2641,310664764.738272,2025
2025-12-11,2631,309182619.055914,2025
2025-12-12,2612,306728605.031073,2025
2025-12-13,2590,303811938.631975,2025
2025-12-14,2569,300756752.244435,2025
2025-12-15,2543,297804561.283290,2025
2025-12-16,2482,290033939.275986,2025
2025-12-17,2456,286710206.504891,2025
2025-12-18,2395,278477946.753722,2025
2025-12-19,2332,270145986.744890,2025
2025-12-20,2256,260441266.678166,2025
2025-12-21,2143,246237665.531027,2025
2025-12-22,1993,228175089.243345,2025
2025-12-23,1860,213745548.289969,2025
2025-12-24,1700,195965129.607724,2025
2025-12-25,1523,175436742.036666,2025
2025-12-26,1356,155558459.644210,2025
2025-12-27,1147,130547761.684264,2025
2025-12-28,946,106397980.522908,2025
2025-12-29,646,70805494.557564,2025
2025-12-30,399,44301457.157147,2025
2025-12-31,58,6676791.988322,2025
2026-01-01,8,1118197.694143,2026
2026-01-02,8,1118197.694143,2026
2026-01-03,8,1118197.694143,2026
2026-01-04,8,1118197.694143,2026
2026-01-05,9,1213576.170369,2026
2026-01-06,44,5966141.654336,2026
2026-01-07,70,9998283.567976,2026
2026-01-08,123,16864288.579729,2026
2026-01-09,199,39103515.504594,2026
2026-01-10,313,41349884.531897,2026
2026-01-11,365,47956870.538136,2026
2026-01-12,444,58462491.198052,2026
2026-01-13,495,65258653.684564,2026
2026-01-14,642,84114334.849389,2026
2026-01-15,757,97172550.215395,2026
2026-01-16,860,109134653.219865,2026
2026-01-17,957,127396402.061931,2026
2026-01-18,1005,124663856.682000,2026
2026-01-19,1143,139236018.573680,2026
2026-01-20,1295,155931729.687561,2026
2026-01-21,1472,174355763.283976,2026
2026-01-22,1651,200613139.262043,2026
2026-01-23,1802,220286287.368770,2026
2026-01-24,1886,217359187.426768,2026
2026-01-25,1914,219953024.373483,2026
2026-01-26,2102,239656051.816090,2026
2026-01-27,2284,258295158.289627,2026
2026-01-28,2396,269493879.461771,2026
2026-01-29,2557,286620198.558401,2026
2026-01-30,2655,305344109.435781,2026
2026-01-31,2678,300000604.249272,2026
2026-02-01,2678,300000604.249272,2026
2026-02-02,2819,316093655.128040,2026
2026-02-03,2911,340511387.649799,2026
2026-02-04,2936,329153943.723601,2026
2026-02-05,2973,332365874.533026,2026
2026-02-06,2990,356937366.237300,2026
2026-02-07,2989,333978574.778872,2026
2026-02-08,2989,333978574.778872,2026
2026-02-09,3000,335135415.375429,2026
2026-02-10,3003,335589338.333256,2026
2026-02-11,3004,335745520.588075,2026
2026-02-12,3008,336284456.608450,2026
2026-02-13,3009,336688155.770030,2026
2026-02-14,3009,336688155.770030,2026
2026-02-15,3009,336688155.770030,2026
2026-02-16,3012,336971795.240328,2026
2026-02-17,3013,337059538.080114,2026
2026-02-18,3012,336873807.859281,2026
2026-02-19,3013,336996647.834981,2026
2026-02-20,3013,336868274.959232,2026
2026-02-21,3012,336767512.214188,2026
2026-02-22,3011,336633161.887461,2026
2026-02-23,3011,336633161.887461,2026
2026-02-24,3010,336549192.933257,2026
2026-02-25,3010,336549192.933257,2026
2026-02-26,3010,336549192.933257,2026
2026-02-27,3011,336628415.816137,2026
2026-02-28,3011,336628415.816137,2026
2026-03-01,3011,336628415.816137,2026
2026-03-02,3011,336628415.816137,2026
2026-03-03,3011,336628415.816137,2026
2026-03-04,3011,336628415.816137,2026
2026-03-05,3010,336458915.694627,2026
2026-03-06,3009,336162524.684439,2026
2026-03-07,3008,336042663.884229,2026
2026-03-08,3007,335930620.092728,2026
2026-03-09,3008,336083407.081138,2026
2026-03-10,3007,335913906.959629,2026
2026-03-11,3008,336009493.913398,2026
2026-03-12,3008,336009493.913398,2026
2026-03-13,3008,336009493.913398,2026
2026-03-14,3006,335715237.491275,2026
2026-03-15,3004,335555832.610711,2026
2026-03-16,3003,335467594.048666,2026
2026-03-17,3002,335259472.113756,2026
2026-03-18,3002,335259472.113756,2026
2026-03-19,3002,335259472.113756,2026
2026-03-20,2999,334962433.249104,2026
2026-03-21,2981,333095305.276237,2026
2026-03-22,2943,329382226.585393,2026
2026-03-23,2901,325025128.099984,2026
2026-03-24,2877,322812104.963901,2026
2026-03-25,2865,321698777.727619,2026
2026-03-26,2834,318430421.389481,2026
2026-03-27,2821,317022133.939247,2026
2026-03-28,2813,316280930.018071,2026
2026-03-29,2803,315215008.188570,2026
2026-03-30,2802,315116180.999080,2026
2026-03-31,2801,315027942.437035,2026
2026-04-01,2801,315027942.437035,2026
2026-04-02,2798,314630868.907834,2026
2026-04-03,2798,314514394.005934,2026
2026-04-04,2797,314426155.443890,2026
2026-04-05,2793,314029081.914688,2026
2026-04-06,2792,313940843.352643,2026
2026-04-07,2792,313940843.352643,2026
2026-04-08,2791,313817726.710331,2026
2026-04-09,2789,313613362.740300,2026
2026-04-10,2787,313394707.583553,2026
2026-04-11,2785,313185432.742410,2026
2026-04-12,2783,312873068.232772,2026
2026-04-13,2781,312704659.589318,2026
2026-04-14,2769,311493291.692436,2026
2026-04-15,2741,309101489.969929,2026
2026-04-16,2697,305267706.549652,2026
2026-04-17,2658,301663630.405669,2026
2026-04-18,2637,299796384.781386,2026
2026-04-19,2560,293116747.400109,2026
2026-04-20,2486,286458173.597017,2026
2026-04-21,2405,279185287.112172,2026
2026-04-22,2317,270961574.617475,2026
2026-04-23,2251,264698666.199224,2026
2026-04-24,2218,261625924.948854,2026
2026-04-25,2208,260730480.021224,2026
2026-04-26,2094,250210251.579607,2026
2026-04-27,1999,241174240.459120,2026
2026-04-28,1940,235780746.592696,2026
2026-04-29,1853,227093542.507973,2026
2026-04-30,1795,221327525.041165,2026
2026-05-01,1781,219867047.422766,2026
2026-05-02,1741,215550099.705290,2026
2026-05-03,1686,209794169.415323,2026
2026-05-04,1671,208330618.847691,2026
2026-05-05,1650,206091421.576350,2026
2026-05-06,1636,204390611.339970,2026
2026-05-07,1631,203745058.020050,2026
2026-05-08,1624,202877378.826610,2026
2026-05-09,1602,200171431.921468,2026
2026-05-10,1587,198397705.421697,2026
2026-05-11,1579,197495626.927288,2026
2026-05-12,1570,196252135.401840,2026
2026-05-13,1558,194435783.901676,2026
2026-05-14,1509,188520797.740123,2026
2026-05-15,1478,184907699.722111,2026
2026-05-16,1441,180226165.488186,2026
2026-05-17,1414,177217723.320685,2026
2026-05-18,1405,176205406.417627,2026
2026-05-19,1383,173368279.509741,2026
2026-05-20,1356,170075652.364418,2026
2026-05-21,1327,166808285.921273,2026
2026-05-22,1308,164344345.576724,2026
2026-05-23,1288,161815841.448102,2026
2026-05-24,1282,161073108.058517,2026
2026-05-25,1281,160968986.555305,2026
2026-05-26,1262,158857402.470148,2026
2026-05-27,1233,155720700.867805,2026
2026-05-28,1208,153052122.693143,2026
2026-05-29,1168,148428093.470707,2026
2026-05-30,1150,146215817.916937,2026
2026-05-31,1146,145688144.620782,2026
2026-06-01,1146,145688144.620782,2026
2026-06-02,1078,138262719.619160,2026
2026-06-03,1051,135159898.823417,2026
2026-06-04,1043,134248179.912758,2026
2026-06-05,1035,133271998.147391,2026
2026-06-06,1031,132840044.809787,2026
2026-06-07,1027,132382233.554356,2026
2026-06-08,1023,131836453.601950,2026
2026-06-09,1019,131427608.887741,2026
2026-06-10,1009,130090486.519550,2026
2026-06-11,1002,129182246.841435,2026
2026-06-12,991,127701905.690348,2026
2026-06-13,980,126278476.616603,2026
2026-06-14,958,123599988.616874,2026
2026-06-15,912,117460476.211478,2026
2026-06-16,869,112202233.760854,2026
2026-06-17,838,108498577.815632,2026
2026-06-18,831,107617896.784527,2026
2026-06-19,811,104987843.545943,2026
2026-06-20,789,102088434.178680,2026
2026-06-21,777,100716828.279533,2026
2026-06-22,761,98378619.904955,2026
2026-06-23,725,93858418.971294,2026
2026-06-24,706,91241709.366426,2026
2026-06-25,693,89647247.684171,2026
2026-06-26,684,88470854.458589,2026
2026-06-27,632,81987828.517739,2026
2026-06-28,594,77220600.497432,2026
2026-06-29,546,71257586.852259,2026
2026-06-30,494,64139507.070514,2026
2026-07-01,464,60587377.448666,2026
2026-07-02,438,56985203.485742,2026
2026-07-03,415,54024017.378083,2026
2026-07-04,406,52833639.115322,2026
2026-07-05,398,51818275.276792,2026
2026-07-06,381,49633149.400545,2026
2026-07-07,375,48870396.941350,2026
2026-07-08,360,46743008.069723,2026
2026-07-09,343,44324729.827574,2026
2026-07-10,321,41245833.411809,2026
2026-07-11,294,37413639.304691,2026
2026-07-12,283,36328348.016668,2026
2026-07-13,267,33985789.735717,2026
2026-07-14,250,31734537.325609,2026
2026-07-15,267,33920885.897791,2026
2026-07-16,283,36111461.752819,2026
2026-07-17,323,42089588.099186,2026
2026-07-18,327,42648920.847444,2026
2026-07-19,324,42239682.074278,2026
2026-07-20,314,41075635.543250,2026
2026-07-21,300,39639058.877837,2026
2026-07-22,294,38950511.703305,2026
2026-07-23,282,37582146.418693,2026
2026-07-24,271,36353731.666595,2026
2026-07-25,267,35949015.271238,2026
2026-07-26,257,34785510.278356,2026
2026-07-27,248,33942394.498636,2026
2026-07-28,264,36267920.682164,2026
2026-07-29,267,36842786.614229,2026
2026-07-30,293,39782227.966792,2026
2026-07-31,307,41498310.104844,2026
2026-08-01,308,41579896.215442,2026
2026-08-02,306,41251999.768860,2026
2026-08-03,316,42734616.394108,2026
2026-08-04,321,43285041.679056,2026
2026-08-05,324,43558517.018972,2026
2026-08-06,330,44424552.441499,2026
2026-08-07,330,44424552.441499,2026
2026-08-08,331,44684712.223949,2026
2026-08-09,330,44561003.507261,2026
2026-08-10,354,47628358.137893,2026
2026-08-11,369,49835024.415141,2026
2026-08-12,392,53294078.618853,2026
2026-08-13,440,59723326.737358,2026
2026-08-14,498,67586292.736962,2026
2026-08-15,499,67691210.769749,2026
2026-08-16,498,67563421.510780,2026
2026-08-17,494,67010667.009102,2026
2026-08-18,504,68184437.500905,2026
2026-08-19,517,69643453.894347,2026
2026-08-20,544,73477623.835187,2026
2026-08-21,613,82472148.271757,2026
2026-08-22,619,83132162.923213,2026
2026-08-23,619,83132162.923213,2026
2026-08-24,688,91397064.058980,2026
2026-08-25,746,98346796.892116,2026
2026-08-26,793,103959159.497392,2026
2026-08-27,826,108105607.584824,2026
2026-08-28,931,120596859.349034,2026
2026-08-29,934,120983744.594935,2026
2026-08-30,934,120983744.594935,2026
2026-08-31,984,126397841.288433,2026
2026-09-01,1041,132930799.820971,2026
2026-09-02,1049,133394137.014517,2026
2026-09-03,1059,133231946.871294,2026
2026-09-04,1065,132481595.583238,2026
