entidad_corta,mes_calendario,registros,contratos_unicos
Alcaldía Distrital de Barrancabermeja,2020-02,1,1
Alcaldía Distrital de Barrancabermeja,2020-03,2,2
Alcaldía Distrital de Barrancabermeja,2020-06,1,1
Alcaldía Distrital de Barrancabermeja,2020-07,2,2
Alcaldía Distrital de Barrancabermeja,2020-08,1,1
Alcaldía Distrital de Barrancabermeja,2021-01,1,1
Alcaldía Distrital de Barrancabermeja,2021-03,2,2
Alcaldía Distrital de Barrancabermeja,2021-04,139,139
Alcaldía Distrital de Barrancabermeja,2021-05,408,408
Alcaldía Distrital de Barrancabermeja,2021-06,287,287
Alcaldía Distrital de Barrancabermeja,2021-07,306,306
Alcaldía Distrital de Barrancabermeja,2021-08,518,518
Alcaldía Distrital de Barrancabermeja,2021-09,604,604
Alcaldía Distrital de Barrancabermeja,2021-10,353,353
Alcaldía Distrital de Barrancabermeja,2021-11,336,336
Alcaldía Distrital de Barrancabermeja,2021-12,81,81
Alcaldía Distrital de Barrancabermeja,2022-01,1914,1914
Alcaldía Distrital de Barrancabermeja,2022-02,930,930
Alcaldía Distrital de Barrancabermeja,2022-03,70,70
Alcaldía Distrital de Barrancabermeja,2022-04,11,11
Alcaldía Distrital de Barrancabermeja,2022-05,7,7
Alcaldía Distrital de Barrancabermeja,2022-06,15,15
Alcaldía Distrital de Barrancabermeja,2022-07,88,88
Alcaldía Distrital de Barrancabermeja,2022-08,533,533
Alcaldía Distrital de Barrancabermeja,2022-09,1481,1481
Alcaldía Distrital de Barrancabermeja,2022-10,459,459
Alcaldía Distrital de Barrancabermeja,2022-11,279,279
Alcaldía Distrital de Barrancabermeja,2022-12,68,68
Alcaldía Distrital de Barrancabermeja,2023-01,311,311
Alcaldía Distrital de Barrancabermeja,2023-02,552,552
Alcaldía Distrital de Barrancabermeja,2023-03,405,405
Alcaldía Distrital de Barrancabermeja,2023-04,279,279
Alcaldía Distrital de Barrancabermeja,2023-05,156,156
Alcaldía Distrital de Barrancabermeja,2023-06,2286,2286
Alcaldía Distrital de Barrancabermeja,2023-07,11,11
Alcaldía Distrital de Barrancabermeja,2023-08,27,27
Alcaldía Distrital de Barrancabermeja,2023-09,48,48
Alcaldía Distrital de Barrancabermeja,2023-10,34,34
Alcaldía Distrital de Barrancabermeja,2023-11,403,403
Alcaldía Distrital de Barrancabermeja,2023-12,278,278
Alcaldía Distrital de Barrancabermeja,2024-01,349,349
Alcaldía Distrital de Barrancabermeja,2024-02,502,502
Alcaldía Distrital de Barrancabermeja,2024-03,227,227
Alcaldía Distrital de Barrancabermeja,2024-04,197,197
Alcaldía Distrital de Barrancabermeja,2024-05,668,668
Alcaldía Distrital de Barrancabermeja,2024-06,166,166
Alcaldía Distrital de Barrancabermeja,2024-07,144,144
Alcaldía Distrital de Barrancabermeja,2024-08,294,294
Alcaldía Distrital de Barrancabermeja,2024-09,682,682
Alcaldía Distrital de Barrancabermeja,2024-10,1061,1061
Alcaldía Distrital de Barrancabermeja,2024-11,506,506
Alcaldía Distrital de Barrancabermeja,2024-12,57,57
Alcaldía Distrital de Barrancabermeja,2025-01,291,291
Alcaldía Distrital de Barrancabermeja,2025-02,448,448
Alcaldía Distrital de Barrancabermeja,2025-03,298,298
Alcaldía Distrital de Barrancabermeja,2025-04,293,293
Alcaldía Distrital de Barrancabermeja,2025-05,294,294
Alcaldía Distrital de Barrancabermeja,2025-06,332,332
Alcaldía Distrital de Barrancabermeja,2025-07,554,554
Alcaldía Distrital de Barrancabermeja,2025-08,405,405
Alcaldía Distrital de Barrancabermeja,2025-09,807,807
Alcaldía Distrital de Barrancabermeja,2025-10,781,781
Alcaldía Distrital de Barrancabermeja,2025-11,412,412
Alcaldía Distrital de Barrancabermeja,2025-12,76,76
Alcaldía Distrital de Barrancabermeja,2026-01,3166,3166
Alcaldía Distrital de Barrancabermeja,2026-02,13,13
Alcaldía Distrital de Barrancabermeja,2026-03,7,7
Alcaldía Distrital de Barrancabermeja,2026-04,36,36
Alcaldía Distrital de Barrancabermeja,2026-05,6,6
Alcaldía Distrital de Barrancabermeja,2026-06,13,13
Alcaldía Distrital de Barrancabermeja,2026-07,299,299
Alcaldía Distrital de Barrancabermeja,2026-08,813,813
Alcaldía Distrital de Barrancabermeja,2026-09,46,46
Concejo de Barrancabermeja,2021-07,23,23
Concejo de Barrancabermeja,2021-08,14,14
Concejo de Barrancabermeja,2021-09,39,39
Concejo de Barrancabermeja,2021-10,24,24
Concejo de Barrancabermeja,2021-11,15,15
Concejo de Barrancabermeja,2021-12,28,28
Concejo de Barrancabermeja,2022-01,84,84
Concejo de Barrancabermeja,2022-02,29,29
Concejo de Barrancabermeja,2022-05,1,1
Concejo de Barrancabermeja,2022-06,3,3
Concejo de Barrancabermeja,2022-07,15,15
Concejo de Barrancabermeja,2022-08,59,59
Concejo de Barrancabermeja,2022-09,30,30
Concejo de Barrancabermeja,2022-10,26,26
Concejo de Barrancabermeja,2022-11,26,26
Concejo de Barrancabermeja,2022-12,30,30
Concejo de Barrancabermeja,2023-01,7,7
Concejo de Barrancabermeja,2023-02,48,48
Concejo de Barrancabermeja,2023-03,71,71
Concejo de Barrancabermeja,2023-04,32,32
Concejo de Barrancabermeja,2023-05,29,29
Concejo de Barrancabermeja,2023-06,61,61
Concejo de Barrancabermeja,2023-09,1,1
Concejo de Barrancabermeja,2023-10,1,1
Concejo de Barrancabermeja,2023-11,40,40
Concejo de Barrancabermeja,2023-12,14,14
Concejo de Barrancabermeja,2024-01,11,11
Concejo de Barrancabermeja,2024-02,29,29
Concejo de Barrancabermeja,2024-03,23,23
Concejo de Barrancabermeja,2024-04,12,12
Concejo de Barrancabermeja,2024-05,24,24
Concejo de Barrancabermeja,2024-06,16,16
Concejo de Barrancabermeja,2024-07,23,23
Concejo de Barrancabermeja,2024-08,23,23
Concejo de Barrancabermeja,2024-09,32,32
Concejo de Barrancabermeja,2024-10,32,32
Concejo de Barrancabermeja,2024-11,14,14
Concejo de Barrancabermeja,2024-12,30,30
Concejo de Barrancabermeja,2025-01,7,7
Concejo de Barrancabermeja,2025-02,14,14
Concejo de Barrancabermeja,2025-03,19,19
Concejo de Barrancabermeja,2025-04,51,51
Concejo de Barrancabermeja,2025-05,28,28
Concejo de Barrancabermeja,2025-06,29,29
Concejo de Barrancabermeja,2025-07,26,26
Concejo de Barrancabermeja,2025-08,33,33
Concejo de Barrancabermeja,2025-09,49,49
Concejo de Barrancabermeja,2025-10,21,21
Concejo de Barrancabermeja,2025-11,8,8
Concejo de Barrancabermeja,2025-12,13,13
Concejo de Barrancabermeja,2026-01,123,123
Concejo de Barrancabermeja,2026-04,1,1
Concejo de Barrancabermeja,2026-07,87,87
Concejo de Barrancabermeja,2026-08,11,11
Concejo de Barrancabermeja,2026-09,7,7
Contraloría de Barrancabermeja,2021-01,10,10
Contraloría de Barrancabermeja,2021-02,7,7
Contraloría de Barrancabermeja,2021-03,10,10
Contraloría de Barrancabermeja,2021-04,6,6
Contraloría de Barrancabermeja,2021-05,2,2
Contraloría de Barrancabermeja,2021-06,2,2
Contraloría de Barrancabermeja,2021-07,1,1
Contraloría de Barrancabermeja,2021-08,6,6
Contraloría de Barrancabermeja,2021-09,9,9
Contraloría de Barrancabermeja,2021-10,5,5
Contraloría de Barrancabermeja,2021-11,4,4
Contraloría de Barrancabermeja,2021-12,4,4
Contraloría de Barrancabermeja,2022-01,22,22
Contraloría de Barrancabermeja,2022-02,1,1
Contraloría de Barrancabermeja,2022-03,2,2
Contraloría de Barrancabermeja,2022-05,2,2
Contraloría de Barrancabermeja,2022-06,9,9
Contraloría de Barrancabermeja,2022-07,7,7
Contraloría de Barrancabermeja,2022-08,2,2
Contraloría de Barrancabermeja,2022-10,5,5
Contraloría de Barrancabermeja,2022-11,2,2
Contraloría de Barrancabermeja,2022-12,1,1
Contraloría de Barrancabermeja,2023-01,15,15
Contraloría de Barrancabermeja,2023-02,15,15
Contraloría de Barrancabermeja,2023-03,4,4
Contraloría de Barrancabermeja,2023-04,1,1
Contraloría de Barrancabermeja,2023-05,4,4
Contraloría de Barrancabermeja,2023-06,9,9
Contraloría de Barrancabermeja,2023-07,11,11
Contraloría de Barrancabermeja,2023-08,2,2
Contraloría de Barrancabermeja,2023-10,1,1
Contraloría de Barrancabermeja,2023-11,2,2
Contraloría de Barrancabermeja,2024-01,18,18
Contraloría de Barrancabermeja,2024-02,12,12
Contraloría de Barrancabermeja,2024-03,1,1
Contraloría de Barrancabermeja,2024-04,3,3
Contraloría de Barrancabermeja,2024-05,1,1
Contraloría de Barrancabermeja,2024-06,1,1
Contraloría de Barrancabermeja,2024-07,20,20
Contraloría de Barrancabermeja,2024-08,4,4
Contraloría de Barrancabermeja,2024-10,1,1
Contraloría de Barrancabermeja,2024-11,3,3
Contraloría de Barrancabermeja,2025-01,13,13
Contraloría de Barrancabermeja,2025-02,19,19
Contraloría de Barrancabermeja,2025-03,5,5
Contraloría de Barrancabermeja,2025-04,2,2
Contraloría de Barrancabermeja,2025-05,4,4
Contraloría de Barrancabermeja,2025-06,2,2
Contraloría de Barrancabermeja,2025-07,3,3
Contraloría de Barrancabermeja,2025-08,19,19
Contraloría de Barrancabermeja,2025-09,5,5
Contraloría de Barrancabermeja,2025-10,1,1
Contraloría de Barrancabermeja,2025-11,3,3
Contraloría de Barrancabermeja,2025-12,3,3
Contraloría de Barrancabermeja,2026-01,23,23
Contraloría de Barrancabermeja,2026-02,2,2
Contraloría de Barrancabermeja,2026-03,2,2
Contraloría de Barrancabermeja,2026-05,2,2
Contraloría de Barrancabermeja,2026-06,2,2
Contraloría de Barrancabermeja,2026-07,15,15
Contraloría de Barrancabermeja,2026-08,1,1
Empresa Social del Estado Barrancabermeja,2022-07,2,2
Empresa Social del Estado Barrancabermeja,2022-08,13,13
Empresa Social del Estado Barrancabermeja,2022-09,12,12
Empresa Social del Estado Barrancabermeja,2022-10,35,35
Empresa Social del Estado Barrancabermeja,2022-11,24,24
Empresa Social del Estado Barrancabermeja,2022-12,19,19
Empresa Social del Estado Barrancabermeja,2023-01,36,36
Empresa Social del Estado Barrancabermeja,2023-02,24,24
Empresa Social del Estado Barrancabermeja,2023-03,28,28
Empresa Social del Estado Barrancabermeja,2023-04,22,22
Empresa Social del Estado Barrancabermeja,2023-05,12,12
Empresa Social del Estado Barrancabermeja,2023-06,30,30
Empresa Social del Estado Barrancabermeja,2023-07,3,3
Empresa Social del Estado Barrancabermeja,2023-08,1,1
Empresa Social del Estado Barrancabermeja,2023-09,1,1
Empresa Social del Estado Barrancabermeja,2023-10,3,3
Empresa Social del Estado Barrancabermeja,2023-11,15,15
Empresa Social del Estado Barrancabermeja,2023-12,70,70
Empresa Social del Estado Barrancabermeja,2024-01,26,26
Empresa Social del Estado Barrancabermeja,2024-02,14,14
Empresa Social del Estado Barrancabermeja,2024-03,8,8
Empresa Social del Estado Barrancabermeja,2024-04,47,47
Empresa Social del Estado Barrancabermeja,2024-05,17,17
Empresa Social del Estado Barrancabermeja,2024-06,6,6
Empresa Social del Estado Barrancabermeja,2024-07,8,8
Empresa Social del Estado Barrancabermeja,2024-08,163,163
Empresa Social del Estado Barrancabermeja,2024-09,39,39
Empresa Social del Estado Barrancabermeja,2024-10,53,53
Empresa Social del Estado Barrancabermeja,2024-11,28,28
Empresa Social del Estado Barrancabermeja,2024-12,23,23
Empresa Social del Estado Barrancabermeja,2025-01,28,28
Empresa Social del Estado Barrancabermeja,2025-02,15,15
Empresa Social del Estado Barrancabermeja,2025-03,6,6
Empresa Social del Estado Barrancabermeja,2025-04,68,68
Empresa Social del Estado Barrancabermeja,2025-05,105,105
Empresa Social del Estado Barrancabermeja,2025-06,127,127
Empresa Social del Estado Barrancabermeja,2025-07,51,51
Empresa Social del Estado Barrancabermeja,2025-08,43,43
Empresa Social del Estado Barrancabermeja,2025-09,150,150
Empresa Social del Estado Barrancabermeja,2025-10,88,88
Empresa Social del Estado Barrancabermeja,2025-11,99,99
Empresa Social del Estado Barrancabermeja,2025-12,18,18
Empresa Social del Estado Barrancabermeja,2026-01,64,64
Empresa Social del Estado Barrancabermeja,2026-02,238,238
Empresa Social del Estado Barrancabermeja,2026-03,67,67
Empresa Social del Estado Barrancabermeja,2026-04,27,27
Empresa Social del Estado Barrancabermeja,2026-05,11,11
Empresa Social del Estado Barrancabermeja,2026-06,11,11
Empresa Social del Estado Barrancabermeja,2026-07,251,251
Empresa Social del Estado Barrancabermeja,2026-08,77,77
Empresa Social del Estado Barrancabermeja,2026-09,1,1
Empresa de Desarrollo Urbano y Vivienda,2020-05,4,4
Empresa de Desarrollo Urbano y Vivienda,2020-06,2,2
Empresa de Desarrollo Urbano y Vivienda,2020-07,8,8
Empresa de Desarrollo Urbano y Vivienda,2020-08,5,5
Empresa de Desarrollo Urbano y Vivienda,2020-09,11,11
Empresa de Desarrollo Urbano y Vivienda,2020-10,23,23
Empresa de Desarrollo Urbano y Vivienda,2020-11,18,18
Empresa de Desarrollo Urbano y Vivienda,2020-12,2,2
Empresa de Desarrollo Urbano y Vivienda,2021-05,2,2
Empresa de Desarrollo Urbano y Vivienda,2021-06,7,7
Empresa de Desarrollo Urbano y Vivienda,2021-07,9,9
Empresa de Desarrollo Urbano y Vivienda,2021-08,18,18
Empresa de Desarrollo Urbano y Vivienda,2021-09,16,16
Empresa de Desarrollo Urbano y Vivienda,2021-10,9,9
Empresa de Desarrollo Urbano y Vivienda,2021-11,8,8
Empresa de Desarrollo Urbano y Vivienda,2021-12,7,7
Empresa de Desarrollo Urbano y Vivienda,2022-01,65,65
Empresa de Desarrollo Urbano y Vivienda,2022-03,5,5
Empresa de Desarrollo Urbano y Vivienda,2022-04,1,1
Empresa de Desarrollo Urbano y Vivienda,2022-05,2,2
Empresa de Desarrollo Urbano y Vivienda,2022-06,2,2
Empresa de Desarrollo Urbano y Vivienda,2022-07,4,4
Empresa de Desarrollo Urbano y Vivienda,2022-09,55,55
Empresa de Desarrollo Urbano y Vivienda,2022-10,19,19
Empresa de Desarrollo Urbano y Vivienda,2022-11,48,48
Empresa de Desarrollo Urbano y Vivienda,2022-12,2,2
Empresa de Desarrollo Urbano y Vivienda,2023-01,23,23
Empresa de Desarrollo Urbano y Vivienda,2023-02,27,27
Empresa de Desarrollo Urbano y Vivienda,2023-03,23,23
Empresa de Desarrollo Urbano y Vivienda,2023-04,9,9
Empresa de Desarrollo Urbano y Vivienda,2023-05,5,5
Empresa de Desarrollo Urbano y Vivienda,2023-06,78,78
Empresa de Desarrollo Urbano y Vivienda,2023-08,4,4
Empresa de Desarrollo Urbano y Vivienda,2023-09,1,1
Empresa de Desarrollo Urbano y Vivienda,2023-10,1,1
Empresa de Desarrollo Urbano y Vivienda,2023-11,18,18
Empresa de Desarrollo Urbano y Vivienda,2023-12,1,1
Empresa de Desarrollo Urbano y Vivienda,2024-01,16,16
Empresa de Desarrollo Urbano y Vivienda,2024-02,16,16
Empresa de Desarrollo Urbano y Vivienda,2024-03,5,5
Empresa de Desarrollo Urbano y Vivienda,2024-04,2,2
Empresa de Desarrollo Urbano y Vivienda,2024-05,11,11
Empresa de Desarrollo Urbano y Vivienda,2024-07,1,1
Empresa de Desarrollo Urbano y Vivienda,2024-08,14,14
Empresa de Desarrollo Urbano y Vivienda,2024-09,6,6
Empresa de Desarrollo Urbano y Vivienda,2024-10,15,15
Empresa de Desarrollo Urbano y Vivienda,2024-11,8,8
Empresa de Desarrollo Urbano y Vivienda,2024-12,7,7
Empresa de Desarrollo Urbano y Vivienda,2025-01,13,13
Empresa de Desarrollo Urbano y Vivienda,2025-02,18,18
Empresa de Desarrollo Urbano y Vivienda,2025-03,2,2
Empresa de Desarrollo Urbano y Vivienda,2025-04,11,11
Empresa de Desarrollo Urbano y Vivienda,2025-05,4,4
Empresa de Desarrollo Urbano y Vivienda,2025-06,2,2
Empresa de Desarrollo Urbano y Vivienda,2025-07,41,41
Empresa de Desarrollo Urbano y Vivienda,2025-08,2,2
Empresa de Desarrollo Urbano y Vivienda,2025-09,9,9
Empresa de Desarrollo Urbano y Vivienda,2025-10,3,3
Empresa de Desarrollo Urbano y Vivienda,2025-11,2,2
Empresa de Desarrollo Urbano y Vivienda,2025-12,2,2
Empresa de Desarrollo Urbano y Vivienda,2026-01,67,67
Empresa de Desarrollo Urbano y Vivienda,2026-02,1,1
Empresa de Desarrollo Urbano y Vivienda,2026-04,1,1
Empresa de Desarrollo Urbano y Vivienda,2026-06,3,3
Empresa de Desarrollo Urbano y Vivienda,2026-07,26,26
Empresa de Desarrollo Urbano y Vivienda,2026-08,19,19
Empresa de Desarrollo Urbano y Vivienda,2026-09,1,1
Hospital Regional del Magdalena Medio,2025-06,3,3
Hospital Regional del Magdalena Medio,2025-07,22,22
Hospital Regional del Magdalena Medio,2025-08,26,26
Hospital Regional del Magdalena Medio,2025-09,15,15
Hospital Regional del Magdalena Medio,2025-10,57,57
Hospital Regional del Magdalena Medio,2025-11,60,60
Hospital Regional del Magdalena Medio,2025-12,19,19
Hospital Regional del Magdalena Medio,2026-01,104,104
Hospital Regional del Magdalena Medio,2026-02,49,49
Hospital Regional del Magdalena Medio,2026-03,36,36
Hospital Regional del Magdalena Medio,2026-04,79,79
Hospital Regional del Magdalena Medio,2026-05,28,28
Hospital Regional del Magdalena Medio,2026-06,32,32
Hospital Regional del Magdalena Medio,2026-07,40,40
Hospital Regional del Magdalena Medio,2026-08,41,41
Inspección de Tránsito y Transporte,2021-10,1,1
Inspección de Tránsito y Transporte,2021-11,3,3
Inspección de Tránsito y Transporte,2021-12,2,2
Inspección de Tránsito y Transporte,2022-01,16,16
Inspección de Tránsito y Transporte,2022-02,6,6
Inspección de Tránsito y Transporte,2022-03,4,4
Inspección de Tránsito y Transporte,2022-05,1,1
Inspección de Tránsito y Transporte,2022-06,1,1
Inspección de Tránsito y Transporte,2022-08,4,4
Inspección de Tránsito y Transporte,2022-09,19,19
Inspección de Tránsito y Transporte,2022-10,7,7
Inspección de Tránsito y Transporte,2022-11,8,8
Inspección de Tránsito y Transporte,2022-12,3,3
Inspección de Tránsito y Transporte,2023-01,11,11
Inspección de Tránsito y Transporte,2023-02,8,8
Inspección de Tránsito y Transporte,2023-03,4,4
Inspección de Tránsito y Transporte,2023-04,2,2
Inspección de Tránsito y Transporte,2023-05,4,4
Inspección de Tránsito y Transporte,2023-06,32,32
Inspección de Tránsito y Transporte,2023-07,3,3
Inspección de Tránsito y Transporte,2023-08,3,3
Inspección de Tránsito y Transporte,2023-09,3,3
Inspección de Tránsito y Transporte,2023-10,6,6
Inspección de Tránsito y Transporte,2023-11,4,4
Inspección de Tránsito y Transporte,2023-12,1,1
Inspección de Tránsito y Transporte,2024-01,15,15
Inspección de Tránsito y Transporte,2024-02,21,21
Inspección de Tránsito y Transporte,2024-03,2,2
Inspección de Tránsito y Transporte,2024-04,3,3
Inspección de Tránsito y Transporte,2024-05,37,37
Inspección de Tránsito y Transporte,2024-06,4,4
Inspección de Tránsito y Transporte,2024-07,5,5
Inspección de Tránsito y Transporte,2024-08,5,5
Inspección de Tránsito y Transporte,2024-09,7,7
Inspección de Tránsito y Transporte,2024-10,7,7
Inspección de Tránsito y Transporte,2024-11,11,11
Inspección de Tránsito y Transporte,2024-12,19,19
Inspección de Tránsito y Transporte,2025-01,30,30
Inspección de Tránsito y Transporte,2025-02,14,14
Inspección de Tránsito y Transporte,2025-03,2,2
Inspección de Tránsito y Transporte,2025-04,17,17
Inspección de Tránsito y Transporte,2025-05,33,33
Inspección de Tránsito y Transporte,2025-06,10,10
Inspección de Tránsito y Transporte,2025-07,11,11
Inspección de Tránsito y Transporte,2025-08,23,23
Inspección de Tránsito y Transporte,2025-09,63,63
Inspección de Tránsito y Transporte,2025-10,21,21
Inspección de Tránsito y Transporte,2025-11,33,33
Inspección de Tránsito y Transporte,2025-12,8,8
Inspección de Tránsito y Transporte,2026-01,152,152
Inspección de Tránsito y Transporte,2026-03,1,1
Inspección de Tránsito y Transporte,2026-04,4,4
Inspección de Tránsito y Transporte,2026-05,1,1
Inspección de Tránsito y Transporte,2026-06,1,1
Inspección de Tránsito y Transporte,2026-07,46,46
Inspección de Tránsito y Transporte,2026-08,6,6
Inspección de Tránsito y Transporte,2026-09,1,1
Instituto para el Fomento del Deporte y la Recreación,2021-06,1,1
Instituto para el Fomento del Deporte y la Recreación,2021-07,17,17
Instituto para el Fomento del Deporte y la Recreación,2021-08,36,36
Instituto para el Fomento del Deporte y la Recreación,2021-09,37,37
Instituto para el Fomento del Deporte y la Recreación,2021-10,23,23
Instituto para el Fomento del Deporte y la Recreación,2021-11,21,21
Instituto para el Fomento del Deporte y la Recreación,2021-12,39,39
Instituto para el Fomento del Deporte y la Recreación,2022-01,108,108
Instituto para el Fomento del Deporte y la Recreación,2022-02,64,64
Instituto para el Fomento del Deporte y la Recreación,2022-04,2,2
Instituto para el Fomento del Deporte y la Recreación,2022-05,5,5
Instituto para el Fomento del Deporte y la Recreación,2022-06,2,2
Instituto para el Fomento del Deporte y la Recreación,2022-07,22,22
Instituto para el Fomento del Deporte y la Recreación,2022-08,57,57
Instituto para el Fomento del Deporte y la Recreación,2022-09,135,135
Instituto para el Fomento del Deporte y la Recreación,2022-10,35,35
Instituto para el Fomento del Deporte y la Recreación,2022-11,70,70
Instituto para el Fomento del Deporte y la Recreación,2022-12,15,15
Instituto para el Fomento del Deporte y la Recreación,2023-01,4,4
Instituto para el Fomento del Deporte y la Recreación,2023-02,16,16
Instituto para el Fomento del Deporte y la Recreación,2023-03,44,44
Instituto para el Fomento del Deporte y la Recreación,2023-04,72,72
Instituto para el Fomento del Deporte y la Recreación,2023-05,58,58
Instituto para el Fomento del Deporte y la Recreación,2023-06,56,56
Instituto para el Fomento del Deporte y la Recreación,2023-07,4,4
Instituto para el Fomento del Deporte y la Recreación,2023-08,3,3
Instituto para el Fomento del Deporte y la Recreación,2023-09,3,3
Instituto para el Fomento del Deporte y la Recreación,2023-10,8,8
Instituto para el Fomento del Deporte y la Recreación,2023-11,66,66
Instituto para el Fomento del Deporte y la Recreación,2023-12,36,36
Instituto para el Fomento del Deporte y la Recreación,2024-01,14,14
Instituto para el Fomento del Deporte y la Recreación,2024-02,63,63
Instituto para el Fomento del Deporte y la Recreación,2024-03,15,15
Instituto para el Fomento del Deporte y la Recreación,2024-04,54,54
Instituto para el Fomento del Deporte y la Recreación,2024-05,78,78
Instituto para el Fomento del Deporte y la Recreación,2024-06,4,4
Instituto para el Fomento del Deporte y la Recreación,2024-07,9,9
Instituto para el Fomento del Deporte y la Recreación,2024-08,57,57
Instituto para el Fomento del Deporte y la Recreación,2024-09,132,132
Instituto para el Fomento del Deporte y la Recreación,2024-10,123,123
Instituto para el Fomento del Deporte y la Recreación,2024-11,13,13
Instituto para el Fomento del Deporte y la Recreación,2024-12,21,21
Instituto para el Fomento del Deporte y la Recreación,2025-01,3,3
Instituto para el Fomento del Deporte y la Recreación,2025-02,74,74
Instituto para el Fomento del Deporte y la Recreación,2025-03,33,33
Instituto para el Fomento del Deporte y la Recreación,2025-04,131,131
Instituto para el Fomento del Deporte y la Recreación,2025-05,24,24
Instituto para el Fomento del Deporte y la Recreación,2025-06,9,9
Instituto para el Fomento del Deporte y la Recreación,2025-07,3,3
Instituto para el Fomento del Deporte y la Recreación,2025-08,61,61
Instituto para el Fomento del Deporte y la Recreación,2025-09,76,76
Instituto para el Fomento del Deporte y la Recreación,2025-10,52,52
Instituto para el Fomento del Deporte y la Recreación,2025-11,48,48
Instituto para el Fomento del Deporte y la Recreación,2025-12,13,13
Instituto para el Fomento del Deporte y la Recreación,2026-01,249,249
Instituto para el Fomento del Deporte y la Recreación,2026-03,2,2
Instituto para el Fomento del Deporte y la Recreación,2026-04,2,2
Instituto para el Fomento del Deporte y la Recreación,2026-05,1,1
Instituto para el Fomento del Deporte y la Recreación,2026-06,1,1
Instituto para el Fomento del Deporte y la Recreación,2026-07,13,13
Instituto para el Fomento del Deporte y la Recreación,2026-08,46,46
Instituto para el Fomento del Deporte y la Recreación,2026-09,6,6
Personería de Barrancabermeja,2021-10,8,8
Personería de Barrancabermeja,2021-11,5,5
Personería de Barrancabermeja,2021-12,1,1
Personería de Barrancabermeja,2022-01,42,42
Personería de Barrancabermeja,2022-02,1,1
Personería de Barrancabermeja,2022-04,1,1
Personería de Barrancabermeja,2022-07,7,7
Personería de Barrancabermeja,2022-08,9,9
Personería de Barrancabermeja,2022-09,11,11
Personería de Barrancabermeja,2022-10,20,20
Personería de Barrancabermeja,2022-11,18,18
Personería de Barrancabermeja,2022-12,3,3
Personería de Barrancabermeja,2023-01,27,27
Personería de Barrancabermeja,2023-02,31,31
Personería de Barrancabermeja,2023-03,8,8
Personería de Barrancabermeja,2023-04,2,2
Personería de Barrancabermeja,2023-05,2,2
Personería de Barrancabermeja,2023-06,50,50
Personería de Barrancabermeja,2023-07,1,1
Personería de Barrancabermeja,2023-08,1,1
Personería de Barrancabermeja,2023-09,2,2
Personería de Barrancabermeja,2023-10,1,1
Personería de Barrancabermeja,2023-11,61,61
Personería de Barrancabermeja,2023-12,13,13
Personería de Barrancabermeja,2024-01,12,12
Personería de Barrancabermeja,2024-02,26,26
Personería de Barrancabermeja,2024-03,21,21
Personería de Barrancabermeja,2024-04,2,2
Personería de Barrancabermeja,2024-05,3,3
Personería de Barrancabermeja,2024-06,3,3
Personería de Barrancabermeja,2024-07,3,3
Personería de Barrancabermeja,2024-08,7,7
Personería de Barrancabermeja,2024-09,3,3
Personería de Barrancabermeja,2024-10,20,20
Personería de Barrancabermeja,2024-11,11,11
Personería de Barrancabermeja,2024-12,1,1
Personería de Barrancabermeja,2025-01,12,12
Personería de Barrancabermeja,2025-02,33,33
Personería de Barrancabermeja,2025-03,5,5
Personería de Barrancabermeja,2025-04,3,3
Personería de Barrancabermeja,2025-05,6,6
Personería de Barrancabermeja,2025-07,6,6
Personería de Barrancabermeja,2025-08,14,14
Personería de Barrancabermeja,2025-09,17,17
Personería de Barrancabermeja,2025-10,47,47
Personería de Barrancabermeja,2025-11,3,3
Personería de Barrancabermeja,2025-12,3,3
Personería de Barrancabermeja,2026-01,46,46
Personería de Barrancabermeja,2026-03,1,1
Personería de Barrancabermeja,2026-07,8,8
Personería de Barrancabermeja,2026-08,13,13
Personería de Barrancabermeja,2026-09,5,5
